"Genes","E.MTAB.386_eset","GSE12418_eset","GSE17260_eset","GSE18520_eset","GSE26712_eset","GSE32062.GPL6480_eset","GSE9891_eset","PMID17290060_eset","TCGA_eset","Pooled.LogIt.Coefficient","Mean.Optimal","Mean.Suboptimal","P","FDR"
"GAS8","ILMN_1783798","21762","A_23_P206435","204921_at","204921_at","A_23_P206435","204921_at","204921_at","204921_at",-0.342473154537988,0.174546637606547,-0.126333852166096,4.28771259228191e-06,0.0146894556678037
"LOX","ILMN_1695880","20385","A_24_P37903","215446_s_at","215446_s_at","A_23_P122216","215446_s_at","215446_s_at","215446_s_at",0.35309797431327,-0.176126416108967,0.118829166346184,6.14862996373999e-06,0.0146894556678037
"POSTN","ILMN_1790761","3498","A_24_P347411","210809_s_at","210809_s_at","A_24_P347411","210809_s_at","210809_s_at","210809_s_at",0.340719413103106,-0.178090851360685,0.105249195915255,7.96106179993104e-06,0.0146894556678037
"FAP","ILMN_1741468","6851","A_23_P56746","209955_s_at","209955_s_at","A_23_P56746","209955_s_at","209955_s_at","209955_s_at",0.364058246327388,-0.192933169855547,0.108690770917409,8.92433515662435e-06,0.0146894556678037
"CDK10","ILMN_1700611","9854","A_24_P65199","203469_s_at","210622_x_at","A_23_P152245","203469_s_at","210622_x_at","210622_x_at",-0.317716858138241,0.156631235682657,-0.109699329538221,1.52420272834383e-05,0.0200707015268316
"MTDH","ILMN_1810838","909","A_24_P760130","212251_at","212251_at","A_24_P230877","212251_at","212251_at","212251_at",0.321944472625361,-0.1612563536351,0.102066479585012,2.12673597075374e-05,0.023337382719071
"TGFBR2","ILMN_1744862","8000","A_23_P337242","208944_at","208944_at","A_23_P211957","208944_at","208944_at","208944_at",0.315220422746685,-0.16399703779601,0.0910784519583514,3.28335516889939e-05,0.0237760666751693
"PCSK6","ILMN_1710070","28592","A_23_P151907","207414_s_at","207414_s_at","A_23_P151907","207414_s_at","207414_s_at","207414_s_at",-0.311785051162376,0.119806433241925,-0.121268262446057,3.64415905416129e-05,0.0237760666751693
"AP3B2","ILMN_1679256","8499","A_23_P77304","205678_at","205678_at","A_23_P77304","205678_at","205678_at","205678_at",-0.316530523190463,0.147504984021045,-0.10939540961818,3.86655609649571e-05,0.0237760666751693
"ABCA1","ILMN_1766054","23438","A_24_P235429","203505_at","203505_at","A_24_P235429","203505_at","203505_at","203505_at",0.308854095462332,-0.147217622890576,0.0962089841344619,4.06081082716508e-05,0.0237760666751693
"C9orf3","ILMN_1674629","4584","A_24_P89887","212848_s_at","212848_s_at","A_23_P73012","212848_s_at","212848_s_at","212848_s_at",0.309243678544877,-0.158230790247064,0.0910794871746174,4.30424777046241e-05,0.0237760666751693
"ASPN","ILMN_1801583","9342","A_23_P216429","219087_at","219087_at","A_23_P216429","219087_at","219087_at","219087_at",0.325393057406254,-0.166515858431027,0.100820683088592,4.33342649000656e-05,0.0237760666751693
"LUM","ILMN_1790529","26119","A_24_P270279","201744_s_at","201744_s_at","A_23_P99063","201744_s_at","201744_s_at","201744_s_at",0.304102125293541,-0.173093883339762,0.0832932989612551,6.54109176727299e-05,0.0326859945206682
"NRTN","ILMN_1665319","24697","A_23_P90359","210683_at","210683_at","A_23_P90359","210683_at","210683_at","210683_at",-0.310699269223935,0.146706432535233,-0.0788203303021954,6.95024184825874e-05,0.0326859945206682
"SCRG1","ILMN_1726204","1205","A_23_P167159","205475_at","205475_at","A_23_P167159","205475_at","205475_at","205475_at",0.310719359592609,-0.140790243462077,0.119297005569797,8.47253592498308e-05,0.0370709847132305
"CXCL14","ILMN_1748323","8693","A_23_P213745","222484_s_at","218002_s_at","A_23_P213745","222484_s_at","218002_s_at","218002_s_at",0.304737339321287,-0.161543837768157,0.0885747793211759,9.06576216996141e-05,0.0370709847132305
"CYP27B1","ILMN_1740418","22818","A_23_P36397","205676_at","205676_at","A_23_P36397","205676_at","205676_at","205676_at",-0.297469163725824,0.148481146482708,-0.0900780722122032,9.91314868103749e-05,0.0370709847132305
"CDHR1","ILMN_1663716","8500","A_23_P149946","213369_at","213369_at","A_23_P149946","213369_at","213369_at","213369_at",-0.286870900115247,0.129100076595772,-0.116370198757193,0.000102462513899627,0.0370709847132305
"KIAA0753","ILMN_1680010","3035","A_23_P89543","204711_at","204711_at","A_23_P89543","204711_at","204711_at","204711_at",-0.290818369878888,0.157868574275935,-0.0883595327710816,0.000107536752316128,0.0370709847132305
"COLEC11","ILMN_1735192","29913","A_24_P388322","219873_at","219873_at","A_23_P120125","219873_at","219873_at","219873_at",-0.285537046049837,0.128591074829502,-0.0977039431009283,0.000123111180433509,0.0370709847132305
"NOL3","ILMN_1813925","10792","A_23_P206371","221567_at","221567_at","A_23_P206371","221567_at","221567_at","221567_at",-0.291034496539736,0.150158319642388,-0.113065275993849,0.000131564983120449,0.0370709847132305
"FERMT2","ILMN_1695290","29852","A_23_P88347","209210_s_at","209210_s_at","A_23_P88347","209210_s_at","209210_s_at","209210_s_at",0.279646869440638,-0.138816659076277,0.0953628708629882,0.00013170753175216,0.0370709847132305
"ENPP1","ILMN_1700888","25597","A_23_P156880","205066_s_at","205066_s_at","A_23_P156880","205066_s_at","205066_s_at","205066_s_at",0.301268663250191,-0.14985859690951,0.0931877165053983,0.000132892716822375,0.0370709847132305
"LMCD1","ILMN_1754969","24022","A_23_P6771","218574_s_at","218574_s_at","A_23_P6771","218574_s_at","218574_s_at","218574_s_at",0.289103655654859,-0.172805662344039,0.0774292728169011,0.000135131171494157,0.0370709847132305
"C5AR1","ILMN_1689836","20612","A_23_P303058","220088_at","220088_at","A_23_P153562","220088_at","220088_at","220088_at",0.292945537354261,-0.140235543991902,0.109356953868223,0.000153116470471501,0.0395377307048001
"CUL9","ILMN_1806010","2230","A_32_P51714","213204_at","213204_at","A_23_P311740","213204_at","213204_at","213204_at",-0.276020321074186,0.147582603415528,-0.102137433007878,0.000156133201446659,0.0395377307048001
"PAQR6","ILMN_1737631","24652","A_23_P97283","219236_at","219236_at","A_23_P97283","219236_at","219236_at","219236_at",-0.274735088501901,0.142687309319451,-0.0922655873813021,0.000165433640075069,0.0403412994908982
"CUL7","ILMN_1672393","24258","A_23_P19348","36084_at","36084_at","A_23_P19348","36084_at","36084_at","36084_at",-0.282259942497274,0.132682647531604,-0.107649988060912,0.00018180792859946,0.0406682929735964
"AMT","ILMN_1665331","3102","A_24_P174503","204294_at","204294_at","A_23_P257164","204294_at","204294_at","204294_at",-0.276237919765211,0.137706138263153,-0.105527889319281,0.000183942145654414,0.0406682929735964
"VCL","ILMN_1795429","22979","A_23_P202280","200931_s_at","200931_s_at","A_24_P47182","200931_s_at","200931_s_at","200931_s_at",0.281811232836603,-0.149410997736019,0.0661569727502793,0.000185305101641539,0.0406682929735964
"TM9SF3","ILMN_1669931","5583","A_24_P309360","217758_s_at","217758_s_at","A_24_P309360","217758_s_at","217758_s_at","217758_s_at",0.277469214015921,-0.139597652195421,0.104999543401819,0.000209951646981687,0.044591020765401
"CHGA","ILMN_1669410","17975","A_32_P27046","204697_s_at","204697_s_at","A_32_P27046","204697_s_at","204697_s_at","204697_s_at",-0.268035387504934,0.149998967578507,-0.0889407607464153,0.000236542089473845,0.0486685349092437
"SEZ6L2","ILMN_1704746","29327","A_24_P116587","233337_s_at","218720_x_at","A_23_P10194","233337_s_at","218720_x_at","218720_x_at",-0.27187219119872,0.119038374783975,-0.107045681337348,0.000267754657207366,0.0532627938985543
"NEK11","ILMN_1788149","15456","A_23_P211973","219542_at","219542_at","A_23_P155301","219542_at","219542_at","219542_at",-0.274025831236319,0.145013409189765,-0.0786458806241587,0.000286052145758344,0.0532627938985543
"ATP2B1","ILMN_1750599","13682","A_23_P128319","215716_s_at","209281_s_at","A_23_P128319","215716_s_at","209281_s_at","209281_s_at",0.269230570037161,-0.132015444454087,0.101963569701569,0.000289194785548871,0.0532627938985543
"MYOF","ILMN_1810289","13447","A_24_P282309","201798_s_at","201798_s_at","A_23_P86682","201798_s_at","201798_s_at","201798_s_at",0.264476330387488,-0.13809226383559,0.0727890985822108,0.000316715281302714,0.0532627938985543
"CACNA1F","ILMN_1659138","22831","A_23_P148327","208377_s_at","208377_s_at","A_23_P148327","208377_s_at","208377_s_at","208377_s_at",-0.2659030112029,0.142158693432043,-0.0823687462348482,0.000323492188066829,0.0532627938985543
"TNFAIP6","ILMN_1785732","16785","A_23_P165624","206025_s_at","206026_s_at","A_23_P165624","206025_s_at","206026_s_at","206026_s_at",0.275396720809356,-0.135584805632569,0.0935446735810309,0.000335109816217787,0.0532627938985543
"FSD1","ILMN_1694755","9281","A_23_P153651","219170_at","219170_at","A_23_P153651","219170_at","219170_at","219170_at",-0.260455746867658,0.134607880045093,-0.0949484261909268,0.000337855009665602,0.0532627938985543
"KIAA1199","ILMN_1813704","28006","A_32_P161855","212942_s_at","212942_s_at","A_32_P161855","212942_s_at","212942_s_at","212942_s_at",0.263071859667515,-0.134637535897366,0.0878011175044201,0.000338061618127278,0.0532627938985543
"RANBP10","ILMN_1667306","29331","A_23_P369733","53987_at","221809_at","A_23_P369733","53987_at","221809_at","221809_at",-0.270981672394948,0.143486618013677,-0.0891945132082616,0.000338609878478083,0.0532627938985543
"UCN","ILMN_1707258","20999","A_24_P62883","206072_at","206072_at","A_24_P62883","206072_at","206072_at","206072_at",-0.258441113154555,0.153671551074884,-0.0681591759677784,0.000339768733860766,0.0532627938985543
"NUAK1","ILMN_1689318","22816","A_23_P348257","204589_at","204589_at","A_23_P348257","204589_at","204589_at","204589_at",0.271586190336044,-0.133607817382875,0.0929106254265982,0.000355426999365691,0.0544216596238073
"SRPX","ILMN_1709486","25556","A_23_P96383","204955_at","204955_at","A_23_P96383","204955_at","204955_at","204955_at",0.270178197937048,-0.150615014467272,0.0867948642013898,0.000383606787361039,0.0564278544160965
"COL7A1","ILMN_1751161","18111","A_23_P144071","204136_at","217312_s_at","A_23_P144071","204136_at","217312_s_at","217312_s_at",-0.255490363475987,0.104014435875799,-0.113293983281361,0.000385670329393126,0.0564278544160965
"CHST10","ILMN_1736828","17848","A_23_P102351","204065_at","204065_at","A_23_P102351","204065_at","204065_at","204065_at",-0.261418701877454,0.142310063367305,-0.0744478023831945,0.000423680812581884,0.0596698319153442
"ITGB5","ILMN_1796755","9713","A_23_P166633","201125_s_at","201125_s_at","A_23_P166633","201125_s_at","201125_s_at","201125_s_at",0.263125094606032,-0.152650977233018,0.0803190143422985,0.000425954146418769,0.0596698319153442
"C3AR1","ILMN_1787529","2803","A_23_P2431","209906_at","209906_at","A_23_P2431","209906_at","209906_at","209906_at",0.260334922866826,-0.138791750187759,0.0817997130021102,0.000443485391407713,0.0608314128547579
"TRIM58","ILMN_1705458","20505","A_23_P314052","215047_at","215047_at","A_23_P314052","215047_at","215047_at","215047_at",-0.261146559345952,0.133542879227035,-0.0915911650430338,0.000467356675271645,0.0627974765303777
"ACSL3","ILMN_1666096","2173","A_24_P37319","201662_s_at","201662_s_at","A_24_P248606","201662_s_at","201662_s_at","201662_s_at",0.255293225857005,-0.113391828494138,0.106020911875024,0.000486236089829135,0.0640275683087005
"CCL13","ILMN_1783593","4348","A_23_P26965","206407_s_at","206407_s_at","A_23_P26965","206407_s_at","206407_s_at","206407_s_at",-0.270386858645262,0.1489471328914,-0.0626615307996407,0.00051756886002389,0.0664043232208955
"HAP1","ILMN_1654241","10453","A_23_P22129","211604_x_at","211222_s_at","A_23_P22129","211604_x_at","211222_s_at","211222_s_at",-0.25875138779043,0.116694131058554,-0.0975828490641018,0.00052445698777135,0.0664043232208955
"PARD6A","ILMN_1654112","14105","A_23_P140821","205245_at","205245_at","A_23_P140821","205245_at","205245_at","205245_at",-0.253834668850149,0.115421864379584,-0.0758904386182345,0.000582446837735658,0.0706644316314775
"HSF4","ILMN_1704101","29230","A_23_P3592","210977_s_at","210977_s_at","A_23_P3592","210977_s_at","210977_s_at","210977_s_at",-0.251635636096202,0.127707537061595,-0.0969359269352102,0.000584086922617585,0.0706644316314775
"WSB2","ILMN_1746664","19748","A_23_P259272","201760_s_at","201760_s_at","A_23_P259272","201760_s_at","201760_s_at","201760_s_at",0.255322608913771,-0.118883906633201,0.0966589453722302,0.000591728204744268,0.0706644316314775
"CYR61","ILMN_1658095","5590","A_23_P46426","201289_at","201289_at","A_23_P46429","201289_at","201289_at","201289_at",0.258736933887718,-0.143032226470961,0.0787502551942679,0.000611495412923343,0.0706644316314775
"TJAP1","ILMN_1743763","18709","A_23_P81811","47608_at","47608_at","A_23_P81811","47608_at","47608_at","47608_at",-0.259336253657888,0.126581264433542,-0.108337013714828,0.000611766798753678,0.0706644316314775
"TGFBI","ILMN_1663866","29727","A_23_P156327","201506_at","201506_at","A_23_P156327","201506_at","201506_at","201506_at",0.25261223941981,-0.137587035375944,0.0736409467091478,0.000641071269717572,0.0727726420658706
"COL3A1","ILMN_1773079","17863","A_23_P142533","215076_s_at","215076_s_at","A_23_P142533","215076_s_at","215076_s_at","215076_s_at",0.250850625068296,-0.152754281127405,0.0652356162208455,0.000683089164132829,0.0752994091521563
"CPM","ILMN_1709440","23336","A_23_P162668","235706_at","206100_at","A_23_P162668","235706_at","206100_at","206100_at",0.259676495698108,-0.15168574845021,0.0646757000383975,0.000686203607097415,0.0752994091521563
"MTSS1","ILMN_1676980","9860","A_23_P347632","203037_s_at","203037_s_at","A_23_P347632","203037_s_at","203037_s_at","203037_s_at",0.254031614798435,-0.129444633910206,0.0990093700521522,0.000702544825243514,0.0754048825606219
"PDPR","ILMN_1736856","25298","A_24_P350649","224902_at","220236_at","A_24_P350649","224902_at","220236_at","220236_at",-0.253802619953106,0.123660554781935,-0.0944315451787072,0.000710070279276817,0.0754048825606219
"NNMT","ILMN_1715508","2355","A_23_P127584","202237_at","202237_at","A_23_P127584","202237_at","202237_at","202237_at",0.244052940680683,-0.146325828866873,0.0525066433681292,0.000721913978232049,0.0754457402012669
"ALDH1A3","ILMN_1807439","483","A_24_P917280","203180_at","203180_at","A_23_P205959","203180_at","203180_at","203180_at",0.258376634294472,-0.127940310640465,0.0917165442353699,0.000763245578800333,0.0785188889190842
"VCAN","ILMN_1687301","19245","A_23_P144959","221731_x_at","221731_x_at","A_23_P144959","221731_x_at","221731_x_at","221731_x_at",0.250833083447866,-0.145831324901409,0.0662974163908517,0.000808659618453756,0.0809484557403844
"ZNF706","ILMN_1702384","12442","A_23_P252704","218059_at","218059_at","A_23_P252704","218059_at","218059_at","218059_at",0.248884007877455,-0.13740780715346,0.0623737898514692,0.000811451713071897,0.0809484557403844
"EPAS1","ILMN_1760034","18860","A_23_P430120","200878_at","200878_at","A_23_P210210","200878_at","200878_at","200878_at",0.247850423338579,-0.14588244674497,0.0604719808759313,0.000857588879185716,0.0842741071725187
"VSIG4","ILMN_1669409","1836","A_23_P217269","204787_at","204787_at","A_23_P217269","204787_at","204787_at","204787_at",0.246986230958508,-0.144014810018106,0.0723263500887038,0.000900792559206392,0.0860645062116929
"ACTA2","ILMN_1671703","2183","A_23_P150053","200974_at","200974_at","A_23_P150053","200974_at","200974_at","200974_at",0.252096660297661,-0.143563212347013,0.0621757379429351,0.000901951842133477,0.0860645062116929
"STK3","ILMN_1666453","15461","A_23_P215963","204068_at","204068_at","A_23_P215963","204068_at","204068_at","204068_at",0.252499230976389,-0.117849133951556,0.0742641606286094,0.000938462007977248,0.086319232308559
"COL5A1","ILMN_1706505","25963","A_23_P158593","203325_s_at","212488_at","A_23_P158593","203325_s_at","212488_at","212488_at",0.252604431192003,-0.147797788446301,0.0612178347671441,0.000952381851095208,0.086319232308559
"BAG3","ILMN_1659766","6802","A_23_P52552","217911_s_at","217911_s_at","A_23_P52552","217911_s_at","217911_s_at","217911_s_at",0.247905232485167,-0.114843652297758,0.0734187240154706,0.000956802575500985,0.086319232308559
"MPP2","ILMN_1654217","2444","A_23_P394259","213270_at","207984_s_at","A_23_P394259","213270_at","207984_s_at","207984_s_at",-0.245568228362398,0.113736032282079,-0.0839312479687131,0.0009570631771757,0.086319232308559
"DLK1","ILMN_1797519","1086","A_24_P236251","209560_s_at","209560_s_at","A_24_P236251","209560_s_at","209560_s_at","209560_s_at",-0.242842732519179,0.123799298646733,-0.066506674932317,0.000983580873928587,0.0875121145127813
"BCHE","ILMN_1685641","19978","A_23_P212050","205433_at","205433_at","A_23_P212050","205433_at","205433_at","205433_at",0.2632370079848,-0.122922537248738,0.092471298243782,0.00100076545618626,0.0877103567877749
"CEP55","ILMN_1747016","16803","A_23_P115872","218542_at","218542_at","A_23_P115872","218542_at","218542_at","218542_at",0.244987839159304,-0.123818986858965,0.0941846227498675,0.00101688813183151,0.0877103567877749
"LRRC23","ILMN_1753404","2802","A_23_P36689","206076_at","206076_at","A_23_P36689","206076_at","206076_at","206076_at",-0.238652162438297,0.14792951992554,-0.0620723105020686,0.00102783342240074,0.0877103567877749
"CNN3","ILMN_1782439","934","A_23_P138168","201445_at","201445_at","A_23_P138168","201445_at","201445_at","201445_at",0.240907232063383,-0.104844914570409,0.0816237722465802,0.00105169978507557,0.0877103567877749
"CTSK","ILMN_1758895","7375","A_23_P34744","202450_s_at","202450_s_at","A_23_P34744","202450_s_at","202450_s_at","202450_s_at",0.255403585786016,-0.145704859387724,0.069196909829365,0.00106814582806268,0.0877103567877749
"ACVR1","ILMN_1760490","24093","A_23_P79221","203935_at","203935_at","A_23_P79221","203935_at","203935_at","203935_at",0.245069993080301,-0.123987671360625,0.0740369144194226,0.00107341571992546,0.0877103567877749
"ARL4C","ILMN_1768391","8519","A_23_P317620","202207_at","202207_at","A_23_P317620","202207_at","202207_at","202207_at",0.241982210343442,-0.142311456078605,0.0611041480451912,0.00107906119377427,0.0877103567877749
"VTI1B","ILMN_1693136","11086","A_23_P14284","209452_s_at","209452_s_at","A_23_P14284","209452_s_at","209452_s_at","209452_s_at",0.242904185935982,-0.130318004351232,0.0668669226116488,0.00114339879674823,0.0918065570462239
"TIMP3","ILMN_1773664","906","A_23_P399078","201150_s_at","201150_s_at","A_23_P399078","201150_s_at","201150_s_at","201150_s_at",0.243447808144151,-0.130748441232282,0.0762669725647341,0.00115880952122258,0.0919229143099939
"PPP2R5D","ILMN_1699384","13479","A_24_P294931","202513_s_at","202513_s_at","A_24_P294931","202513_s_at","202513_s_at","202513_s_at",-0.242299919025307,0.110655198217843,-0.0921761957038582,0.00118571305039105,0.0929373181401748
"IL17RB","ILMN_1767523","24996","A_24_P157370","224156_x_at","219255_x_at","A_24_P157370","224156_x_at","219255_x_at","219255_x_at",-0.242229560569185,0.15662399784118,-0.0355433136794288,0.00123112641664042,0.0953616038489472
"RGS4","ILMN_1758067","16528","A_23_P200737","204337_at","204337_at","A_23_P200737","204337_at","204337_at","204337_at",0.250801109720074,-0.145189295492391,0.0636074751114584,0.00125141326188728,0.0958058711193701
"PRSS23","ILMN_1797776","9280","A_23_P87421","202458_at","202458_at","A_23_P150789","202458_at","202458_at","202458_at",0.24230862372083,-0.117421125074095,0.0755069951273972,0.00131007080792858,0.099143749418411
"ENPEP","ILMN_1675325","23108","A_23_P333605","204844_at","204844_at","A_23_P333605","204844_at","204844_at","204844_at",0.2515902110265,-0.125829843200666,0.0681920960275009,0.00135933695005736,0.101162199834864
"NAV2","ILMN_1675151","21196","A_23_P52727","218330_s_at","218330_s_at","A_23_P52727","218330_s_at","218330_s_at","218330_s_at",-0.239877468673645,0.117910678173126,-0.083313687294479,0.00136747202085402,0.101162199834864
"MAK","ILMN_1803984","28458","A_23_P214839","220302_at","220302_at","A_24_P363278","220302_at","220302_at","220302_at",-0.239950906639562,0.141858250753206,-0.0558783172799613,0.00143340134955961,0.104861272061116
"NAT2","ILMN_1670903","23101","A_23_P31798","206797_at","206797_at","A_23_P31798","206797_at","206797_at","206797_at",-0.232134292317699,0.110997509625914,-0.0818330896731559,0.00154940620777279,0.112102093098638
"MAN2A1","ILMN_1809402","24293","A_23_P18931","226538_at","205105_at","A_23_P18931","226538_at","205105_at","205105_at",0.233041251865287,-0.117598868916765,0.0730740639598999,0.00158317035129215,0.112120176558998
"EMC2","ILMN_1777366","23464","A_23_P60002","203584_at","203584_at","A_23_P60002","203584_at","203584_at","203584_at",0.236358219889922,-0.139824360739641,0.0435063044709005,0.00159183605929399,0.112120176558998
"GAL","ILMN_1682015","11859","A_23_P374844","214240_at","214240_at","A_23_P374844","214240_at","214240_at","214240_at",-0.233873300316447,0.141087812346741,-0.0755886153874937,0.00160074371150453,0.112120176558998
"PLEKHB1","ILMN_1783231","13090","A_24_P56073","209504_s_at","209504_s_at","A_23_P53211","209504_s_at","209504_s_at","209504_s_at",-0.231386756943952,0.128645939694379,-0.0759200635915285,0.00163010127947125,0.112381654496524
"MPP5","ILMN_1750689","19605","A_24_P347458","226092_at","219321_at","A_23_P99536","226092_at","219321_at","219321_at",0.23675490909548,-0.149811372184396,0.0529161655618805,0.00164447685809269,0.112381654496524
"STEAP3","ILMN_1746926","13631","A_24_P200000","218424_s_at","218424_s_at","A_23_P90601","218424_s_at","218424_s_at","218424_s_at",-0.235187329796136,0.105042539747529,-0.0997331907600504,0.00166319945221821,0.112381654496524
"OLFML2B","ILMN_1765557","19429","A_23_P137689","213125_at","213125_at","A_23_P137689","213125_at","213125_at","213125_at",0.245443051521355,-0.122320492504208,0.0813935424470042,0.00167275245149748,0.112381654496524
"RAB32","ILMN_1768771","9908","A_23_P42375","204214_s_at","204214_s_at","A_23_P42375","204214_s_at","204214_s_at","204214_s_at",0.230113435031546,-0.121414392652256,0.0784884143757699,0.00172000170002527,0.114388799928954
"PLG","ILMN_1714446","7985","A_24_P240487","209977_at","209977_at","A_24_P240487","209977_at","209977_at","209977_at",-0.227836847231943,0.126158336526222,-0.0899692028374103,0.0017841194353318,0.117182036778178
"NEIL1","ILMN_1812622","3036","A_23_P129157","219396_s_at","219396_s_at","A_23_P129157","219396_s_at","219396_s_at","219396_s_at",-0.225160442780218,0.12052582700611,-0.0868977248202671,0.00179759807329829,0.117182036778178
"AP2S1","ILMN_1809957","12863","A_24_P113295","211047_x_at","211047_x_at","A_24_P113295","211047_x_at","211047_x_at","211047_x_at",0.23119405622397,-0.1165828240499,0.0852164430784861,0.00182599527921565,0.11786620508192
"SOX15","ILMN_1784217","19127","A_23_P164011","206122_at","206122_at","A_23_P164011","206122_at","206122_at","206122_at",-0.226483257804508,0.0926860340920548,-0.0970053912949738,0.00197710718697296,0.125721441568602
"CYP17A1","ILMN_1760554","28729","A_24_P52597","205502_at","205502_at","A_24_P52597","205502_at","205502_at","205502_at",-0.223165680713826,0.120275889978715,-0.0805454954289914,0.00199613827870754,0.125721441568602
"CH25H","ILMN_1741021","12184","A_23_P86470","206932_at","206932_at","A_23_P86470","206932_at","206932_at","206932_at",0.261042073813719,-0.141569343194013,0.0699707329515028,0.00200497438710559,0.125721441568602
"PPM1A","ILMN_1690077","23632","A_23_P151679","203966_s_at","203966_s_at","A_23_P151679","203966_s_at","203966_s_at","203966_s_at",0.229209585539327,-0.124156048810598,0.0519968210503897,0.0020499197874626,0.126457758013184
"HR","ILMN_1657505","21509","A_23_P256131","220163_s_at","210086_at","A_23_P256131","220163_s_at","210086_at","210086_at",-0.227596714126342,0.111421067234288,-0.0876729193794051,0.00205739779865322,0.126457758013184
"TOP3A","ILMN_1700487","11043","A_23_P15829","204946_s_at","204946_s_at","A_23_P15829","204946_s_at","204946_s_at","204946_s_at",-0.228958643661695,0.123698961936981,-0.0678641648905621,0.00207433746437179,0.126457758013184
"WWOX","ILMN_1730570","16852","A_23_P206413","219077_s_at","219077_s_at","A_23_P83368","219077_s_at","219077_s_at","219077_s_at",-0.232862816351779,0.107647245308372,-0.0888108131639725,0.00210044532393097,0.126874605621665
"SPAG8","ILMN_1754370","7798","A_24_P412036","206816_s_at","206816_s_at","A_24_P412036","206816_s_at","206816_s_at","206816_s_at",-0.228229219010497,0.138241988004162,-0.0727130164349845,0.00217272189420836,0.13004728137698
"DOCK6","ILMN_1801226","21212","A_23_P67299","55583_at","221794_at","A_23_P67299","55583_at","221794_at","221794_at",-0.226424177882593,0.097851807462081,-0.0712732310953633,0.00224521281784841,0.132508405695752
"PROM1","ILMN_1786720","2854","A_23_P258463","204304_s_at","204304_s_at","A_23_P258463","204304_s_at","204304_s_at","204304_s_at",-0.230963964849546,0.147403065628135,-0.0623493330550157,0.00225409195594231,0.132508405695752
"PTPRN2","ILMN_1728844","7399","A_32_P79434","203029_s_at","211534_x_at","A_32_P79434","203029_s_at","211534_x_at","211534_x_at",-0.221615636539097,0.0849958667020179,-0.0987616978492091,0.00229766340452341,0.133468300355585
"AQP6","ILMN_1786381","21761","A_23_P502060","216219_at","216219_at","A_23_P502060","216219_at","216219_at","216219_at",-0.217426271410433,0.122635970755884,-0.0517595502329792,0.00231096388829537,0.133468300355585
"NBL1","ILMN_1770986","1108","A_23_P51958","37005_at","37005_at","A_23_P51958","37005_at","37005_at","37005_at",0.227016549719777,-0.11662976046673,0.0623346470866186,0.00244321984434339,0.138829569362801
"ADAMTS1","ILMN_1673566","15587","A_23_P211039","222162_s_at","222162_s_at","A_23_P211039","222162_s_at","222162_s_at","222162_s_at",0.220789740756861,-0.130297712989257,0.051779653641286,0.00245149156015051,0.138829569362801
"CHMP1A","ILMN_1709439","23552","A_23_P106694","201933_at","201933_at","A_23_P106694","201933_at","201933_at","201933_at",-0.22920077706883,0.117412491400315,-0.0748816932804783,0.00246705036686629,0.138829569362801
"EHD4","ILMN_1720083","27384","A_23_P163458","209536_s_at","209536_s_at","A_23_P163458","209536_s_at","209536_s_at","209536_s_at",0.223003525629067,-0.12528891278164,0.0541439575257452,0.00251933038145596,0.139922148285777
"STAR","ILMN_1701895","13741","A_23_P8981","204548_at","204548_at","A_23_P8981","204548_at","204548_at","204548_at",-0.22123197726298,0.10126588505146,-0.0873357621070522,0.00252896956956371,0.139922148285777
"TMEM165","ILMN_1773935","3403","A_24_P43391","226825_s_at","218095_s_at","A_23_P133174","226825_s_at","218095_s_at","218095_s_at",0.222831986241524,-0.10134867531447,0.0765010282256171,0.00257031290027572,0.141024501128461
"TNFRSF14","ILMN_1697409","22775","A_23_P126908","209354_at","209354_at","A_23_P126908","209354_at","209354_at","209354_at",-0.219920718193839,0.112253678676986,-0.0930393203595042,0.00262194383010163,0.142141341777876
"GREB1","ILMN_1721170","311","A_23_P412476","205862_at","205862_at","A_23_P329768","205862_at","205862_at","205862_at",-0.219912743014939,0.111084024399583,-0.0838471146306644,0.00264875877644352,0.142141341777876
"ACD","ILMN_1716480","14237","A_23_P26375","204617_s_at","204617_s_at","A_23_P26375","204617_s_at","204617_s_at","204617_s_at",-0.227442039937097,0.128117645243948,-0.0701290142745543,0.00267656121956451,0.142141341777876
"LHFPL2","ILMN_1811077","16116","A_24_P349092","212658_at","212658_at","A_23_P255104","212658_at","212658_at","212658_at",0.224981304740467,-0.115885825211166,0.0743808422295217,0.00270112560863956,0.142141341777876
"CREM","ILMN_1745318","7803","A_24_P278393","209967_s_at","214508_x_at","A_24_P171075","209967_s_at","214508_x_at","214508_x_at",0.217586989484784,-0.11959127719322,0.066616259733822,0.00271749507989488,0.142141341777876
"SPG7","ILMN_1754529","13979","A_32_P115451","214494_s_at","214494_s_at","A_23_P3627","214494_s_at","214494_s_at","214494_s_at",-0.224402280348797,0.131552296885282,-0.0781995079439639,0.00274704895566814,0.142141341777876
"SPARC","ILMN_1796734","24769","A_23_P7642","200665_s_at","200665_s_at","A_23_P7642","200665_s_at","200665_s_at","200665_s_at",0.223374475567181,-0.13251759674602,0.0636760116940945,0.00276146756195922,0.142141341777876
"PTPN11","ILMN_1778236","22370","A_23_P99027","212610_at","212610_at","A_32_P61757","212610_at","212610_at","212610_at",0.226728840007601,-0.0946353870535201,0.0977266057664715,0.00278461776716046,0.142141341777876
"GFOD2","ILMN_1744006","4904","A_23_P3574","221028_s_at","221028_s_at","A_23_P3574","221028_s_at","221028_s_at","221028_s_at",-0.22083339868661,0.119871525775758,-0.0792799410893579,0.00278496857371598,0.142141341777876
"TMEM74B","ILMN_1751228","8470","A_23_P120504","219958_at","219958_at","A_23_P120504","219958_at","219958_at","219958_at",-0.213915471192354,0.12222871711968,-0.0552421821819117,0.00283855574956402,0.142830415347224
"AP3S1","ILMN_1658911","8618","A_23_P69958","202442_at","202442_at","A_23_P69958","202442_at","202442_at","202442_at",0.219489142366588,-0.115916479280354,0.0692210112486235,0.00287102547878961,0.142830415347224
"GHITM","ILMN_1728467","22307","A_23_P104387","209248_at","209249_s_at","A_23_P104387","209248_at","209249_s_at","209249_s_at",0.216988976691538,-0.105071177547169,0.0838206040819003,0.00288926907608308,0.142830415347224
"CDKN3","ILMN_1666305","6076","A_23_P48669","209714_s_at","209714_s_at","A_23_P48669","209714_s_at","209714_s_at","209714_s_at",0.223161542873042,-0.121124490066892,0.0590009991122077,0.00290256381781812,0.142830415347224
"PDLIM5","ILMN_1770224","17220","A_32_P14610","212412_at","212412_at","A_32_P14610","212412_at","212412_at","212412_at",0.221588559984368,-0.123652051948122,0.0498515393022232,0.00293376570865135,0.142830415347224
"DSC2","ILMN_1782125","279","A_23_P4494","226817_at","204750_s_at","A_23_P4494","226817_at","204750_s_at","204750_s_at",0.224089150038333,-0.110607496159267,0.0720113706722238,0.00295076473303336,0.142830415347224
"RNF14","ILMN_1714461","19695","A_24_P132039","201824_at","201824_at","A_23_P255317","201824_at","201824_at","201824_at",0.216884085352401,-0.10636542715602,0.0802889689931965,0.00296908901539056,0.142830415347224
"TRIM8","ILMN_1746704","5508","A_23_P46844","221012_s_at","221012_s_at","A_23_P46844","221012_s_at","221012_s_at","221012_s_at",0.216440617968796,-0.109200142955269,0.0824599845878945,0.00297201805932104,0.142830415347224
"TMEM53","ILMN_1688041","13068","A_23_P85853","219462_at","219462_at","A_23_P85853","219462_at","219462_at","219462_at",-0.224993231498053,0.129835053937469,-0.084595057938099,0.00303832380980083,0.144357031500717
"WRAP53","ILMN_1693669","6162","A_23_P55064","44563_at","44563_at","A_23_P55064","44563_at","44563_at","44563_at",-0.22293749344164,0.097633956638601,-0.0856400940810403,0.00305277605120862,0.144357031500717
"RGCC","ILMN_1658494","17355","A_24_P10137","218723_s_at","218723_s_at","A_24_P10137","218723_s_at","218723_s_at","218723_s_at",0.224091099393034,-0.136227710762174,0.0478087681108416,0.00306956020809545,0.144357031500717
"CALD1","ILMN_1717990","29552","A_24_P921366","212077_at","212077_at","A_24_P921366","212077_at","212077_at","212077_at",0.21675512946914,-0.138702699226101,0.0458304135587563,0.003150178693274,0.146398043801005
"OSBP2","ILMN_1781966","13706","A_23_P57474","223432_at","221237_s_at","A_23_P321935","223432_at","221237_s_at","221237_s_at",-0.218876099182597,0.112622423294542,-0.078597244946998,0.00319256081317979,0.146398043801005
"SERPINE1","ILMN_1744381","19250","A_24_P158089","202627_s_at","202627_s_at","A_24_P158089","202627_s_at","202627_s_at","202627_s_at",0.237332808487837,-0.129914460560848,0.0737515779080437,0.00322066775658655,0.146398043801005
"LHB","ILMN_1765187","23465","A_23_P218505","214471_x_at","214471_x_at","A_23_P218505","214471_x_at","214471_x_at","214471_x_at",-0.220209739119318,0.106123233343989,-0.0905939047238326,0.00323654376509625,0.146398043801005
"PVRL2","ILMN_1718303","21600","A_23_P352870","225418_at","203149_at","A_23_P208293","225418_at","203149_at","203149_at",0.218247512268096,-0.128325947948206,0.061670327861035,0.0032572757142723,0.146398043801005
"YAP1","ILMN_1672821","1840","A_23_P104762","224894_at","213342_at","A_23_P104762","224894_at","213342_at","213342_at",0.216816980003988,-0.111644569037252,0.0558567892755053,0.00328173432791127,0.146398043801005
"EPB41","ILMN_1667408","21165","A_24_P558070","225051_at","214530_x_at","A_23_P160359","225051_at","214530_x_at","214530_x_at",-0.210699273260185,0.115443671531967,-0.0658341194775613,0.00328236880081949,0.146398043801005
"TP73","ILMN_1778188","14655","A_24_P413470","1554379_a_at","220804_s_at","A_24_P413470","1554379_a_at","220804_s_at","220804_s_at",-0.212780919868428,0.105187900581212,-0.0833564997626061,0.00329333089166324,0.146398043801005
"CHST2","ILMN_1794011","25586","A_23_P40847","203921_at","203921_at","A_23_P40847","203921_at","203921_at","203921_at",-0.213518850728094,0.145174177605651,-0.0460835539117731,0.00336002618111584,0.146398043801005
"HMGCS2","ILMN_1815203","19269","A_23_P103588","204607_at","204607_at","A_23_P103588","204607_at","204607_at","204607_at",-0.213049657441699,0.102483424816193,-0.0862836627517395,0.00336329425140868,0.146398043801005
"CYP2B6","ILMN_1657529","9982","A_24_P339514","206754_s_at","206754_s_at","A_24_P339514","206754_s_at","206754_s_at","206754_s_at",-0.209435139412508,0.0926821690035995,-0.0838232305872221,0.00339563260993464,0.146398043801005
"OR1D2","ILMN_1757546","17792","A_23_P27239","221464_at","221464_at","A_23_P27239","221464_at","221464_at","221464_at",-0.219460620326597,0.106668285556125,-0.0805102553038577,0.0034032534481527,0.146398043801005
"NCOA4","ILMN_1773906","29757","A_23_P86421","210774_s_at","210774_s_at","A_23_P86424","210774_s_at","210774_s_at","210774_s_at",0.210930265917436,-0.10531043769398,0.0876211414186702,0.00340455292862698,0.146398043801005
"ADARB1","ILMN_1679797","28621","A_24_P936556","203865_s_at","203865_s_at","A_23_P211207","203865_s_at","203865_s_at","203865_s_at",0.217333865335392,-0.110143837529193,0.0575615295123492,0.00343401493077814,0.146398043801005
"SUMO3","ILMN_1725642","24870","A_23_P102937","200740_s_at","200740_s_at","A_23_P102937","200740_s_at","200740_s_at","200740_s_at",0.217001882107377,-0.101218151524893,0.0800669981735543,0.00350330875363961,0.146398043801005
"FN1","ILMN_1778237","22946","A_24_P119745","210495_x_at","211719_x_at","A_24_P119745","210495_x_at","211719_x_at","211719_x_at",0.215295662431613,-0.133251093824229,0.0569246697640137,0.00351521439790883,0.146398043801005
"GATA4","ILMN_1749866","17155","A_23_P384761","1553131_a_at","205517_at","A_23_P384761","1553131_a_at","205517_at","205517_at",-0.213106006810262,0.102129021600285,-0.0798438002819323,0.00351686427608877,0.146398043801005
"ATAD2","ILMN_1763064","14072","A_24_P59596","222740_at","218782_s_at","A_23_P216068","222740_at","218782_s_at","218782_s_at",0.217627872496327,-0.121076808655854,0.0628799273823911,0.00352222268301108,0.146398043801005
"TRAPPC10","ILMN_1778464","22879","A_23_P317683","209412_at","208184_s_at","A_23_P317683","209412_at","208184_s_at","208184_s_at",0.22332363251065,-0.0657340787714684,0.0884714464736086,0.00353543271026122,0.146398043801005
"ACTR1A","ILMN_1792314","966","A_24_P261326","200721_s_at","200720_s_at","A_24_P261326","200721_s_at","200720_s_at","200720_s_at",0.214579816423543,-0.103673398034829,0.091123186599135,0.00357639375359867,0.146777378669529
"PIGL","ILMN_1760332","4948","A_23_P38618","213889_at","213889_at","A_24_P253755","213889_at","213889_at","213889_at",-0.214088545778285,0.10279097836114,-0.0741800088173216,0.00360012266986117,0.146777378669529
"SNX19","ILMN_1658456","12360","A_23_P98345","202358_s_at","202358_s_at","A_23_P98345","202358_s_at","202358_s_at","202358_s_at",0.226235280364971,-0.113253001421127,0.0543515884472061,0.0036322655369951,0.146777378669529
"PTS","ILMN_1720322","10601","A_23_P127579","209694_at","209694_at","A_23_P127579","209694_at","209694_at","209694_at",0.217673383097789,-0.114936985033979,0.0750915371230718,0.00363376560193395,0.146777378669529
"GPNMB","ILMN_1801205","4201","A_24_P933908","201141_at","201141_at","A_23_P134426","201141_at","201141_at","201141_at",0.216216429876047,-0.12986715195911,0.0644296078580216,0.00368911789913025,0.148104586877278
"TBXA2R","ILMN_1739178","6672","A_23_P355471","207555_s_at","211590_x_at","A_23_P355471","207555_s_at","211590_x_at","211590_x_at",-0.2100634588059,0.099606673573732,-0.0815816788066563,0.00371996632607705,0.148437929035705
"C2orf43","ILMN_1660275","1138","A_23_P420256","222192_s_at","222192_s_at","A_23_P420256","222192_s_at","222192_s_at","222192_s_at",-0.208770941836293,0.0774426249438051,-0.0987499793475384,0.00374607286678553,0.148579179246482
"DDR2","ILMN_1730553","19273","A_23_P452","205168_at","205168_at","A_23_P452","205168_at","205168_at","205168_at",0.221698708376884,-0.108552168926704,0.083993788286325,0.00385106096466881,0.151675712331563
"MMP2","ILMN_1762106","19768","A_23_P163787","201069_at","201069_at","A_23_P163787","201069_at","201069_at","201069_at",0.215433782696734,-0.133957239539485,0.0498834077429416,0.0038833050423896,0.151675712331563
"ATP6V1C1","ILMN_1659801","19785","A_23_P146058","202874_s_at","202874_s_at","A_23_P146058","202874_s_at","202874_s_at","202874_s_at",0.214191127082518,-0.0974465622801744,0.0605656568006529,0.00390995425423185,0.151675712331563
"SKAP1","ILMN_1751400","26812","A_23_P100730","205790_at","205790_at","A_23_P100730","205790_at","205790_at","205790_at",-0.213663906871229,0.117868235216368,-0.0542807410916046,0.0039162926938587,0.151675712331563
"TAGLN","ILMN_1778668","16733","A_23_P87011","205547_s_at","205547_s_at","A_23_P87011","205547_s_at","205547_s_at","205547_s_at",0.215578091326004,-0.11516341980192,0.0487542611444722,0.00408043675478075,0.157108746160681
"PDGFRB","ILMN_1815057","5486","A_23_P421401","202273_at","202273_at","A_23_P421401","202273_at","202273_at","202273_at",0.218929049104878,-0.136761197166839,0.0557741070789494,0.00411905918211754,0.157201636521364
"OAT","ILMN_1654441","2984","A_23_P98092","201599_at","201599_at","A_23_P98092","201599_at","201599_at","201599_at",0.210285979507393,-0.124155433639262,0.0583532740657478,0.00418098900273603,0.157201636521364
"WDR59","ILMN_1795428","23622","A_23_P206856","218505_at","218505_at","A_23_P206856","218505_at","218505_at","218505_at",-0.21774892482327,0.126445196699233,-0.0728366974532618,0.00418316024323413,0.157201636521364
"CRISPLD2","ILMN_1790689","6548","A_23_P106602","221541_at","221541_at","A_24_P7040","221541_at","221541_at","221541_at",0.22470776928689,-0.146928223295925,0.0489438864601557,0.00419489307605712,0.157201636521364
"FEM1C","ILMN_1703330","27379","A_23_P41697","213341_at","213341_at","A_23_P41697","213341_at","213341_at","213341_at",0.213499347857882,-0.115321223867673,0.0549463607918662,0.00423482199325762,0.157201636521364
"COL10A1","ILMN_1672776","29177","A_23_P214144","205941_s_at","205941_s_at","A_23_P214144","205941_s_at","205941_s_at","205941_s_at",0.230571595990293,-0.131384886412279,0.0594256506028865,0.00425239025063693,0.157201636521364
"SOS2","ILMN_1764414","16426","A_23_P117546","212870_at","212870_at","A_23_P117546","212870_at","212870_at","212870_at",0.215546658400299,-0.124408943037199,0.0239291384568175,0.0042566123157046,0.157201636521364
"MICAL2","ILMN_1785141","17817","A_23_P24843","212473_s_at","212473_s_at","A_23_P24843","212473_s_at","212473_s_at","212473_s_at",0.212200416614989,-0.120666250996054,0.0460178696106243,0.00427385980214522,0.157201636521364
"B3GAT1","ILMN_1761093","14367","A_23_P1833","219521_at","219521_at","A_23_P1833","219521_at","219521_at","219521_at",-0.204482344410608,0.10093927803134,-0.0795236896940495,0.00437588966205558,0.159561558557949
"SVIL","ILMN_1671404","24714","A_23_P35349","202565_s_at","202565_s_at","A_23_P35349","202565_s_at","202565_s_at","202565_s_at",0.214219066234805,-0.13627119697597,0.0311432998332764,0.00438648877566658,0.159561558557949
"FAS","ILMN_1808132","14202","A_23_P63896","204780_s_at","204780_s_at","A_23_P63896","204780_s_at","204780_s_at","204780_s_at",0.213538600276782,-0.122652093749186,0.0657533296963142,0.00446339946139527,0.161467154141904
"ADAM9","ILMN_1727524","21236","A_32_P5168","202381_at","202381_at","A_23_P72643","202381_at","202381_at","202381_at",0.213686536847832,-0.124628340800184,0.0616920558242166,0.00456094011563888,0.164094151482877
"ALPK3","ILMN_1734630","11659","A_23_P348728","214846_s_at","214846_s_at","A_23_P348728","214846_s_at","214846_s_at","214846_s_at",-0.212777489635458,0.0825975012989402,-0.0910587403551829,0.00461560710801754,0.16464726618718
"C2orf44","ILMN_1730631","9947","A_23_P154022","219120_at","219120_at","A_23_P154022","219120_at","219120_at","219120_at",-0.205336498498253,0.121289644796854,-0.0528244701091446,0.00465412192508986,0.16464726618718
"NELL2","ILMN_1725417","12363","A_23_P10025","203413_at","203413_at","A_23_P10025","203413_at","203413_at","203413_at",-0.205959583435649,0.106219546493856,-0.0642615173409862,0.00471496410922206,0.16464726618718
"GLIPR1","ILMN_1769245","27393","A_23_P364024","214085_x_at","214085_x_at","A_23_P364024","214085_x_at","214085_x_at","214085_x_at",0.211372155870678,-0.132062338611978,0.0631135323831757,0.00473613144165706,0.16464726618718
"GEM","ILMN_1677092","5489","A_23_P257043","204472_at","204472_at","A_23_P257043","204472_at","204472_at","204472_at",0.224635168124236,-0.11527931109448,0.0819815634948502,0.0047516277313643,0.16464726618718
"CBR4","ILMN_1813400","23023","A_24_P351521","244052_at","213626_at","A_23_P213237","244052_at","213626_at","213626_at",-0.208879704153217,0.11291909808219,-0.0580703053557133,0.00475490893068821,0.16464726618718
"TSPAN8","ILMN_1683263","21076","A_23_P36531","203824_at","203824_at","A_23_P36531","203824_at","203824_at","203824_at",-0.208672151940793,0.103495910685158,-0.0776463030371295,0.00477248370884063,0.16464726618718
"SH3BP5","ILMN_1683799","22667","A_23_P143964","201811_x_at","201811_x_at","A_23_P143964","201811_x_at","201811_x_at","201811_x_at",0.20354642431325,-0.09844318240208,0.0601437275976711,0.00477637117888081,0.16464726618718
"SMPD3","ILMN_1802316","24140","A_23_P163567","219695_at","219695_at","A_23_P163567","219695_at","219695_at","219695_at",-0.206268088611664,0.110909811648459,-0.074032927894422,0.0049437258839739,0.167005298560161
"PLCG2","ILMN_1815719","12986","A_23_P106675","204613_at","204613_at","A_23_P106675","204613_at","204613_at","204613_at",-0.207742461123498,0.114569149678812,-0.0651385694358161,0.00495475926356593,0.167005298560161
"ZNHIT3","ILMN_1812478","16410","A_23_P383435","212544_at","212544_at","A_23_P383435","212544_at","212544_at","212544_at",-0.21355688130496,0.114633797061356,-0.0529645945557951,0.00496467578753376,0.167005298560161
"PDCD10","ILMN_1709396","18034","A_23_P18325","210907_s_at","210907_s_at","A_23_P18325","210907_s_at","210907_s_at","210907_s_at",0.200096250659591,-0.0951388889998142,0.0701385326956568,0.00496588585649145,0.167005298560161
"CTRL","ILMN_1664863","28712","A_23_P152199","214377_s_at","214377_s_at","A_23_P152199","214377_s_at","214377_s_at","214377_s_at",-0.203414185110361,0.104451201225672,-0.0636462511110271,0.00497160366309105,0.167005298560161
"ZCCHC24","ILMN_1754660","23032","A_23_P335452","212423_at","212419_at","A_23_P335452","212423_at","212419_at","212419_at",0.216583790407407,-0.142284787025039,0.0608960384653691,0.00500849563068072,0.167390534174629
"EDC4","ILMN_1665212","24236","A_24_P399009","202496_at","202496_at","A_24_P399009","202496_at","202496_at","202496_at",-0.206582938969225,0.0967662833555463,-0.0932255395425395,0.00505069148550326,0.167819453847648
"SERPINA10","ILMN_1793628","9726","A_23_P128759","220626_at","220626_at","A_23_P128759","220626_at","220626_at","220626_at",-0.204798832804504,0.117787839888816,-0.0676453134721078,0.00507230730797113,0.167819453847648
"TTLL1","ILMN_1806415","19126","A_23_P120970","205652_s_at","205652_s_at","A_23_P120970","205652_s_at","205652_s_at","205652_s_at",-0.212285170504282,0.128276892592183,-0.0472620371142293,0.00522062958593819,0.171725531634698
