"Genes","E.MTAB.386_eset","GSE12418_eset","GSE17260_eset","GSE18520_eset","GSE26712_eset","GSE32062.GPL6480_eset","GSE9891_eset","PMID17290060_eset","TCGA_eset","Pooled.LogIt.Coefficient","Mean.Optimal","Mean.Suboptimal","P","FDR","E.MTAB.386_eset.1","GSE12418_eset.1","GSE17260_eset.1","GSE26712_eset.1","GSE32062.GPL6480_eset.1","GSE9891_eset.1","PMID17290060_eset.1","TCGA_eset.1","Weighted.Mean"
"POSTN","ILMN_1790761","3498","A_24_P347411","210809_s_at","210809_s_at","A_24_P347411","210809_s_at","210809_s_at","210809_s_at",0.313086985783225,-0.159833614989332,0.0997935104537962,5.93625746755634e-05,0.110158475674558,1.06579160376782,1.38079377290457,-1.03359378995499,1.8766492473817,1.32723705645279,2.9967502778426,3.85261902174663,2.16020915669652,1.78017170092015
"LUM","ILMN_1790529","26119","A_24_P270279","201744_s_at","201744_s_at","A_23_P99063","201744_s_at","201744_s_at","201744_s_at",0.302649900907428,-0.150459571461118,0.0981744716283527,8.86810315296075e-05,0.110158475674558,-1.02298107970107,1.01383013414979,-1.25276154604836,1.56135158219043,1.84707139781175,1.70550127218557,2.71153248659281,1.94491987976912,1.49964502228381
"DLK1","ILMN_1797519","1086","A_24_P236251","209560_s_at","209560_s_at","A_24_P236251","209560_s_at","209560_s_at","209560_s_at",-0.228946553768381,0.123044503996483,-0.0742897436580595,0.00215914600327868,0.217668139337855,-1.28404406878623,1.00210576503036,-1.85298561349709,-1.44966929127945,-1.83205354626472,-1.61184274791714,-1.79480417383097,-1.29941662670944,-1.46790589934624
"PEG3","ILMN_1675331","4701","A_23_P407583","209242_at","209242_at","A_23_P407583","209242_at","209242_at","209242_at",-0.226904020743327,0.115230166091834,-0.0740752865910672,0.00279461589718886,0.224374448126934,-1.15448445236853,-1.57651080650846,-1.24553182565338,-1.4760436905584,-1.49305818384001,-1.92583368377864,-2.25142012105897,-1.20629820945262,-1.45097438486453
"COLEC11","ILMN_1735192","29913","A_24_P388322","219873_at","219873_at","A_23_P120125","219873_at","219873_at","219873_at",-0.266572615370584,0.134316510336011,-0.0892051357471979,0.000448165870824506,0.161385659444451,1.05057728874213,-2.06857270449794,-1.07612279055396,-1.30483256170724,-1.70055208052535,-1.6223570023108,-2.13315975878065,-1.44092446535679,-1.44620933475274
"CXCL14","ILMN_1748323","8693","A_23_P213745","222484_s_at","218002_s_at","A_23_P213745","222484_s_at","218002_s_at","218002_s_at",0.275821114639851,-0.144284753312812,0.0772727788171657,0.000590292934648303,0.166227946912677,1.15164865290615,1.18000431141296,1.71796346753307,1.31227500776383,1.03198916379933,1.54196257809953,2.08599373172943,1.53036414514812,1.41288324064322
"ASPN","ILMN_1801583","9342","A_23_P216429","219087_at","219087_at","A_23_P216429","219087_at","219087_at","219087_at",0.291058396500113,-0.144402261300728,0.0818025244022626,0.00045527362446567,0.161385659444451,-1.03242001937165,1.00066642679704,-1.00030049645742,1.28643787262187,1.860932466444,1.86444330526727,1.67411163341464,1.58293951230927,1.38653676994337
"FAP","ILMN_1741468","6851","A_23_P56746","209955_s_at","209955_s_at","A_23_P56746","209955_s_at","209955_s_at","209955_s_at",0.32151761285094,-0.154149736983163,0.102286621261586,8.92834515312741e-05,0.110158475674558,1.1794268760986,1.4713159115063,-1.06778628860259,1.33730792195555,1.19082185323789,1.69777762875065,1.6514933419578,1.56789347097719,1.37384160360236
"LOX","ILMN_1695880","20385","A_24_P37903","215446_s_at","215446_s_at","A_23_P122216","215446_s_at","215446_s_at","215446_s_at",0.300051104875421,-0.143189376398476,0.0965628886286051,0.000155443367084312,0.110158475674558,1.05997663702802,1.0391183893198,1.30204824548189,1.43615034634576,1.09610666259892,1.64639714989051,1.61372774882895,1.52032126390209,1.34277287095069
"PROM1","ILMN_1786720","2854","A_23_P258463","204304_s_at","204304_s_at","A_23_P258463","204304_s_at","204304_s_at","204304_s_at",-0.266674520322425,0.137878112097883,-0.0908044469082854,0.00066353591787173,0.168027710894903,-1.50942398024264,-1.0385750223964,-1.43196095321724,-1.80690386244928,-1.21149373844033,-1.25385333521455,1.05326476448866,-1.3825111929997,-1.32764322320049
"VCAN","ILMN_1687301","19245","A_23_P144959","221731_x_at","221731_x_at","A_23_P144959","221731_x_at","221731_x_at","221731_x_at",0.241372677083152,-0.109980891032283,0.0850223533123985,0.0017641664330273,0.215564985390767,1.04285718118682,-1.13725983460949,-1.23796401550625,1.33173890044567,1.12674413836817,1.4045144122912,2.34214990906946,1.87267192466897,1.32593000195625
"STAR","ILMN_1701895","13741","A_23_P8981","204548_at","204548_at","A_23_P8981","204548_at","204548_at","204548_at",-0.211645406568952,0.110252112702466,-0.0679833421968449,0.00541841491136351,0.285185700792848,-1.10822755626926,-1.00755456686603,-1.44497282066193,-1.19676948875514,-2.57741979627678,-1.42623128033864,-1.31394917123884,-1.1108647837882,-1.31671315625726
"CRISPLD2","ILMN_1790689","6548","A_23_P106602","221541_at","221541_at","A_24_P7040","221541_at","221541_at","221541_at",0.263335077060803,-0.126110915606592,0.086022717069527,0.00100778939394147,0.189579581991733,1.17366124494379,1.23571503460776,-1.09228949036491,1.19644191199811,-1.01595621879829,1.75413067085472,1.70147554683435,1.4941254404805,1.29868668585383
"COL5A1","ILMN_1706505","25963","A_23_P158593","203325_s_at","212488_at","A_23_P158593","203325_s_at","212488_at","212488_at",0.239534527077537,-0.109679591904896,0.083627232649112,0.00226559906927879,0.217668139337855,-1.07829858562291,-1.07294333646689,-1.00889177528795,1.28945969257906,1.01549944224817,1.51690654143915,2.06380612048428,1.69194053757502,1.28891426895115
"COL10A1","ILMN_1672776","29177","A_23_P214144","205941_s_at","205941_s_at","A_23_P214144","205941_s_at","205941_s_at","205941_s_at",0.217656334157417,-0.105459895828391,0.0716173101507714,0.00691426101862346,0.311906260907967,-1.01182571056221,1.37543086637565,-1.04517947072201,1.1843618037238,1.09635951837279,1.3725361995666,1.60059042853001,1.6560624210668,1.28407584494162
"NUAK1","ILMN_1689318","22816","A_23_P348257","204589_at","204589_at","A_23_P348257","204589_at","204589_at","204589_at",0.292092192709474,-0.129867089688659,0.10529243422303,0.000184043625823228,0.110158475674558,1.1379525391407,1.24161599001049,1.00676061273341,1.15442073593406,-1.07310668176321,1.35578468326341,2.01742750913647,1.56057885901475,1.28362298096745
"PLAU","ILMN_1656057","29854","A_23_P24104","205479_s_at","205479_s_at","A_23_P24104","205479_s_at","205479_s_at","205479_s_at",0.219713277369456,-0.108433236560371,0.0733228108238899,0.00436312839872288,0.267454357018114,1.05521435654045,1.3492575463875,-1.1943342032993,1.33659366287307,1.30017566474819,1.25761766121685,2.22290469670454,1.32408941029452,1.27427855608873
"COMP","ILMN_1677636","29360","A_24_P264943","205713_s_at","205713_s_at","A_24_P264943","205713_s_at","205713_s_at","205713_s_at",0.226064806888726,-0.111432644435201,0.069752486663369,0.00412497739716578,0.261142799835957,1.28736932754837,-1.13995962214888,-1.03981942004412,1.43353734277232,-1.08080309931297,1.75633353017918,1.86182609262646,1.28005739601732,1.26558770570339
"TIMP3","ILMN_1773664","906","A_23_P399078","201150_s_at","201150_s_at","A_23_P399078","201150_s_at","201150_s_at","201150_s_at",0.21811132550509,-0.113544532575073,0.0681858763141084,0.00453388104941818,0.270055588889434,1.04119777209426,1.13027200558345,-1.06109328090391,1.55112002401355,-1.07255362186772,1.53051265519022,2.12253704920169,1.28477860419156,1.2612111279611
"GREB1","ILMN_1721170","311","A_23_P412476","205862_at","205862_at","A_23_P329768","205862_at","205862_at","205862_at",-0.270859672604399,0.126725732491088,-0.0899889564563039,0.00048920647209047,0.161385659444451,-1.15988797907716,-1.21601583089156,-1.03352992042084,-1.22981990108537,-1.35391505544214,-1.36805834130549,-1.19487180757857,-1.37200328810619,-1.25433304893653
"CTSK","ILMN_1758895","7375","A_23_P34744","202450_s_at","202450_s_at","A_23_P34744","202450_s_at","202450_s_at","202450_s_at",0.248729677654472,-0.11786682763797,0.0813883957998832,0.00160429991738368,0.211254213121084,1.04986266433832,-1.02366462855011,-1.3162125370765,1.34307274161312,1.43071549930991,1.37423612784371,1.54547572275545,1.52067395509269,1.25242869252961
"FN1","ILMN_1778237","22946","A_24_P119745","210495_x_at","211719_x_at","A_24_P119745","210495_x_at","211719_x_at","211719_x_at",0.204329814390143,-0.106212570620823,0.0676300729423654,0.0071298358344409,0.311906260907967,-1.10297882785737,1.54063645471424,-1.31811844539382,1.29133225746443,1.10605129054019,1.52280812404822,1.78641863943364,1.3619547773837,1.23724551422172
"COL3A1","ILMN_1773079","17863","A_23_P142533","215076_s_at","215076_s_at","A_23_P142533","215076_s_at","215076_s_at","215076_s_at",0.200737633959111,-0.105997125023203,0.0637383158721963,0.00796166736980865,0.315360088988254,-1.11606407602407,1.15089510389835,1.09202337405873,1.48690081204158,1.19193875504466,1.29205620258033,1.60976502958804,1.31988669871087,1.23593571828971
"GPNMB","ILMN_1801205","4201","A_24_P933908","201141_at","201141_at","A_23_P134426","201141_at","201141_at","201141_at",0.19894901252593,-0.103598823027441,0.0576773675511528,0.00974522107868477,0.335929505665238,-1.04990384972727,1.5676902857538,-1.02098068321242,1.01453027211581,1.32381933244508,1.32075669824837,1.37866343720383,1.40671185033362,1.22963172372664
"ACTA2","ILMN_1671703","2183","A_23_P150053","200974_at","200974_at","A_23_P150053","200974_at","200974_at","200974_at",0.235993163303008,-0.114597537500861,0.0756882390288793,0.00270475458453014,0.222756929989525,1.03323476166741,1.0128938437786,-1.07412220468226,1.3372075799049,-1.08832144440129,1.40689536456949,1.81707289195822,1.45666600562745,1.22834883040519
"NRTN","ILMN_1665319","24697","A_23_P90359","210683_at","210683_at","A_23_P90359","210683_at","210683_at","210683_at",-0.293312959992905,0.161452961739414,-0.0965246232139196,0.000177209769231211,0.110158475674558,-1.12029965107165,-1.18247739388844,-1.37271177315845,-1.13664679196236,-1.59690300639288,-1.17509001240402,-1.11042899921102,-1.20222611447459,-1.22523262025836
"MICAL2","ILMN_1785141","17817","A_23_P24843","212473_s_at","212473_s_at","A_23_P24843","212473_s_at","212473_s_at","212473_s_at",0.217693476534777,-0.101693672441406,0.0768356190281525,0.00408373968336108,0.261142799835957,1.00807564615545,1.20611554181479,-1.13611246317538,1.27235343078243,1.05473701764128,1.20726034732284,2.19440724636319,1.35160236918682,1.22299522490757
"MMP2","ILMN_1762106","19768","A_23_P163787","201069_at","201069_at","A_23_P163787","201069_at","201069_at","201069_at",0.198835438890272,-0.0933687020496132,0.0673224021333205,0.00947801306032341,0.331623180006743,-1.00008612893812,1.00412785103524,-1.08035310948785,1.19709169825592,1.2481059533355,1.25690161969167,1.89208547937107,1.39731198064726,1.22295704821026
"KIAA1199","ILMN_1813704","28006","A_32_P161855","212942_s_at","212942_s_at","A_32_P161855","212942_s_at","212942_s_at","212942_s_at",0.290310687388021,-0.139740769423618,0.0969967042888966,0.000160129111466131,0.110158475674558,1.03988208718374,1.04065058781001,1.34863067588217,1.19831747491254,1.34243534099506,1.23149202244336,1.2204934839801,1.29746330987187,1.22027343749027
"TNFAIP6","ILMN_1785732","16785","A_23_P165624","206025_s_at","206026_s_at","A_23_P165624","206025_s_at","206026_s_at","206026_s_at",0.256564741118618,-0.133931648515955,0.0730149770727046,0.00134867208411976,0.208207220260444,-1.03173020329442,1.03310827979321,-1.09143156273855,1.26130632249756,1.47941636379854,1.41285764409422,1.24788895542595,1.35718726823451,1.21465680430515
"ST6GALNAC5","ILMN_1773959","23384","A_23_P33093","220979_s_at","220979_s_at","A_23_P33093","220979_s_at","220979_s_at","220979_s_at",0.207393486329949,-0.11080490929395,0.0596103834203868,0.0070433454609341,0.311906260907967,1.11689767974733,1.36359709751094,1.37200248846835,1.15922163857071,-1.11406658879974,1.7845710145791,-1.31677519826557,1.29915239510741,1.20967943335158
"ALDH1A3","ILMN_1807439","483","A_24_P917280","203180_at","203180_at","A_23_P205959","203180_at","203180_at","203180_at",0.23106541801966,-0.116796468643618,0.0710826738271658,0.00364486002361285,0.249976649952781,1.02481690538806,1.10397609434195,1.19179747133252,1.02996577166958,1.10295289086008,1.41471917671396,1.48621966685615,1.30665879598764,1.20583063244013
"TGFBI","ILMN_1663866","29727","A_23_P156327","201506_at","201506_at","A_23_P156327","201506_at","201506_at","201506_at",0.24857883476423,-0.123288131531512,0.0839774748230431,0.00108053560566428,0.192276930478206,1.00567317425489,1.11576134871543,1.0564019212244,1.12285119026945,1.06302604905238,1.33738432242061,1.39332771527987,1.4213483798426,1.20256503779796
"OLFML2B","ILMN_1765557","19429","A_23_P137689","213125_at","213125_at","A_23_P137689","213125_at","213125_at","213125_at",0.235733209202571,-0.108308942789665,0.0837496259046316,0.00269784257190001,0.222756929989525,1.08293966718834,1.11316764381831,-1.05201220167623,1.39832411899119,1.29745813152407,1.18180976987608,1.59583626647281,1.18285364043465,1.2018257333264
"PCSK6","ILMN_1710070","28592","A_23_P151907","207414_s_at","207414_s_at","A_23_P151907","207414_s_at","207414_s_at","207414_s_at",-0.241778978096618,0.134580080648638,-0.0774112224661657,0.00153463519925734,0.208207220260444,-1.05129307074545,-1.15213707851122,1.04388844294836,-1.26215247425071,-1.46121578892449,-1.37396707972871,-1.28861309623082,-1.14522278309697,-1.1952042075574
"GREM1","ILMN_1752965","23668","A_23_P432947","218469_at","218469_at","A_23_P432947","218469_at","218469_at","218469_at",0.233544867929863,-0.124858754966407,0.0634121406864894,0.00649825351471844,0.3034361783043,1.026181927582,1.17865481169309,-1.38177298685051,1.15193549674089,1.26562251745932,1.51608332745301,1.3591180448084,1.34853950853105,1.19186746830637
"VSIG4","ILMN_1669409","1836","A_23_P217269","204787_at","204787_at","A_23_P217269","204787_at","204787_at","204787_at",0.249314981147236,-0.131555447346876,0.0736987651615447,0.00144910300340424,0.208207220260444,-1.02397502260932,1.15824179301208,-1.05074819381234,1.23237114357247,1.17370501091725,1.25011665685477,1.03580774250859,1.49469237039481,1.18562129707476
"FLRT3","ILMN_1782750","8666","A_23_P166109","222853_at","219250_s_at","A_23_P166109","222853_at","219250_s_at","219250_s_at",-0.21766407192478,0.111097734071673,-0.0672244199062386,0.00565622575175604,0.288686746895828,-1.02915707083226,1.04867042765698,-1.18408838391886,-1.33032663009723,-1.32879959861038,-1.19961705764395,-1.18499887082388,-1.21508622616465,-1.1802627269071
"RGCC","ILMN_1658494","17355","A_24_P10137","218723_s_at","218723_s_at","A_24_P10137","218723_s_at","218723_s_at","218723_s_at",0.233958696086702,-0.133504143789926,0.0634366957920833,0.00244492191301148,0.22115044967228,-1.03620297968436,-1.01508180691234,1.11999982448493,1.412157433509,1.12391381455411,1.09659050288076,1.24947150546048,1.33668949365194,1.17015500997157
"CYR61","ILMN_1658095","5590","A_23_P46426","201289_at","201289_at","A_23_P46429","201289_at","201289_at","201289_at",0.209879746985272,-0.11494524450354,0.0616637848091869,0.0063644292257115,0.301463323899888,-1.0005425564558,-1.21644414287231,1.01385722846009,1.15148951994667,1.06772086359771,1.23204374986037,1.52057162287725,1.4245581928665,1.16641854809225
"SERTAD3","ILMN_1813955","16718","A_23_P141960","219382_at","219382_at","A_23_P141960","219382_at","219382_at","219382_at",0.207541672732248,-0.0883662212584185,0.0828239491612515,0.00711027376851029,0.311906260907967,1.06409618164923,1.78132762760689,1.1494756434172,1.06131471026587,1.04164261834868,-1.0597967953103,1.20572019178737,1.27454789338816,1.16106067456492
"SCRG1","ILMN_1726204","1205","A_23_P167159","205475_at","205475_at","A_23_P167159","205475_at","205475_at","205475_at",0.358463982565088,-0.168392057260911,0.0981290893354308,4.28905883716443e-05,0.110158475674558,1.15770526017851,-1.05692639565042,1.1225457150262,1.30175521772942,1.79185574481801,1.15331245018856,-1.03917151240847,1.05377100830627,1.16089691315793
"EMP1","ILMN_1801616","26117","A_23_P76488","201324_at","201324_at","A_23_P76488","201324_at","201324_at","201324_at",0.194795503563164,-0.1043787667989,0.0584984772848575,0.00984465515562552,0.337142712535184,1.22282268346824,1.25099273404235,1.12992638437715,1.05463619794235,1.0094183128596,1.19295422372183,1.2105610689828,1.20262833947705,1.15997731926912
"CH25H","ILMN_1741021","12184","A_23_P86470","206932_at","206932_at","A_23_P86470","206932_at","206932_at","206932_at",0.265253762072687,-0.12476382732369,0.0808168619747541,0.00176352663638082,0.215564985390767,-1.02701651275986,1.05864710162147,1.20049478458255,1.05786563159279,1.48052581126149,1.3085806083449,1.07162225317421,1.16085086186317,1.15820774131139
"C5AR1","ILMN_1689836","20612","A_23_P303058","220088_at","220088_at","A_23_P153562","220088_at","220088_at","220088_at",0.288200009017139,-0.152424299237182,0.0804318137868044,0.000362374072078744,0.149116930660403,1.11601524861717,1.03037038681203,1.00198495876067,1.09388381248443,1.21662613116262,1.32488987999686,1.16733453368677,1.22702361359246,1.15806843414127
"AMT","ILMN_1665331","3102","A_24_P174503","204294_at","204294_at","A_23_P257164","204294_at","204294_at","204294_at",-0.268333783804248,0.141910245322405,-0.088948043262161,0.000337383743226759,0.149116930660403,-1.1654099987555,-1.07966475173576,-1.3344951876497,-1.15030681249706,-1.15466441078693,1.00578060686672,-1.1284139252377,-1.22632389357436,-1.15801206676526
"GAL","ILMN_1682015","11859","A_23_P374844","214240_at","214240_at","A_23_P374844","214240_at","214240_at","214240_at",-0.201871959450909,0.0908745401141736,-0.0777857384018909,0.00741469289063748,0.315360088988254,1.00008804381407,-1.40219450869963,-1.48688734852323,-1.06784188622287,-1.20365311787798,-1.00158521334674,1.01072505234134,-1.22516182293396,-1.15716904430641
"PRRX1","ILMN_1739496","9098","A_23_P502731","226695_at","205991_s_at","A_23_P502731","226695_at","205991_s_at","205991_s_at",0.225055554866406,-0.114757388926381,0.0656293857417801,0.00708038382186686,0.311906260907967,1.07564319659462,1.3124089472429,-1.13178580543898,1.14122774569497,1.09823915117987,1.62159030962665,1.0572117522627,1.14581172252011,1.15509323661771
"SERPINE1","ILMN_1744381","19250","A_24_P158089","202627_s_at","202627_s_at","A_24_P158089","202627_s_at","202627_s_at","202627_s_at",0.227352741748664,-0.122219761204349,0.0636099152244982,0.0062931432444059,0.300980564388499,-1.01291555901562,1.05696732930847,1.02670705292105,1.30828013469624,1.15451349979549,1.25996623550412,1.1312985796234,1.24331939914012,1.15444386172104
"KLF2","ILMN_1735930","16642","A_24_P151305","219371_s_at","219371_s_at","A_23_P119196","219371_s_at","219371_s_at","219371_s_at",0.250105391799445,-0.123861325812352,0.0821505809162996,0.00211956288012344,0.217668139337855,-1.00704284219709,-1.0048006112644,-1.02292174516488,1.25471570087622,1.252916970131,1.14383281798519,1.19551019065799,1.31431077301675,1.15430957731547
"ITGB5","ILMN_1796755","9713","A_23_P166633","201125_s_at","201125_s_at","A_23_P166633","201125_s_at","201125_s_at","201125_s_at",0.290429559832876,-0.141213904287149,0.0964673584555575,0.000173951116139192,0.110158475674558,1.04416346946175,1.1285412928594,1.03438261592549,1.11473009984311,1.27489301462047,1.09705853757064,1.17228527506527,1.28197579911673,1.15332920792551
"GATA4","ILMN_1749866","17155","A_23_P384761","1553131_a_at","205517_at","A_23_P384761","1553131_a_at","205517_at","205517_at",-0.229897293430244,0.122234588945198,-0.0747169416846306,0.001976265714875,0.217447587446652,-1.18028523664867,-1.18927710808761,-1.1392829219498,-1.11336147794369,-1.36821879981175,-1.06064983210855,-1.16417447400016,-1.10320743495965,-1.15251088167947
"CDHR1","ILMN_1663716","8500","A_23_P149946","213369_at","213369_at","A_23_P149946","213369_at","213369_at","213369_at",-0.254170006048066,0.129812887042157,-0.0885922974994477,0.000768759159382243,0.16871701017909,-1.02738335242981,-1.4842678078061,1.0558595757969,-1.06690597456385,-1.46094413279095,-1.16676399914774,-1.04057980629873,-1.1717494726487,-1.15213370282521
"SEZ6L2","ILMN_1704746","29327","A_24_P116587","233337_s_at","218720_x_at","A_23_P10194","233337_s_at","218720_x_at","218720_x_at",-0.268104610935935,0.141516810433308,-0.0806548913061504,0.000556208526212813,0.166227946912677,-1.00723276743242,-1.0623108795327,-1.00536478257449,-1.12674916360018,-1.35797569333969,-1.0999155286491,-1.07914948990675,-1.33980767194725,-1.1513462369095
"RGS4","ILMN_1758067","16528","A_23_P200737","204337_at","204337_at","A_23_P200737","204337_at","204337_at","204337_at",0.236829046514903,-0.116814133110809,0.0751289406328058,0.00239031878657529,0.22115044967228,1.10334282479107,1.00430176276236,1.03668928039905,1.17448207237981,1.1433143952325,1.30831130394846,1.07969473487213,1.23652008956751,1.15129920436889
"CPM","ILMN_1709440","23336","A_23_P162668","235706_at","206100_at","A_23_P162668","235706_at","206100_at","206100_at",0.209739250762014,-0.105067396670729,0.0656434643847194,0.00780454033956402,0.315360088988254,1.01074440983427,1.10812605047159,1.12537994797185,1.19865401465483,1.20496866296715,1.15523800594333,1.07629259821889,1.23841704078194,1.14897338455906
"SCG2","ILMN_1703178","24233","A_24_P88696","204035_at","204035_at","A_24_P88696","204035_at","204035_at","204035_at",0.245788480897477,-0.118807663841757,0.0777415358177388,0.00322714752182422,0.24177553899025,1.16293693436266,-1.06308512848329,1.04188335422152,1.0269451824889,1.18417268021385,1.28265996081362,1.10787192213986,1.27061756510157,1.14726061644677
"ENPP1","ILMN_1700888","25597","A_23_P156880","205066_s_at","205066_s_at","A_23_P156880","205066_s_at","205066_s_at","205066_s_at",0.255978695937276,-0.131560118670425,0.0813461581157773,0.00154953733182894,0.208207220260444,1.08051250218451,-1.01343424409072,1.21720491342354,1.05716042981842,1.0149960995199,1.2628487994459,1.45403574454128,1.16079232259561,1.14617431414848
"EPAS1","ILMN_1760034","18860","A_23_P430120","200878_at","200878_at","A_23_P210210","200878_at","200878_at","200878_at",0.241740351773374,-0.129394676226504,0.0686286417025265,0.00184742516624891,0.215564985390767,1.08506775110995,1.13174531563694,1.17895013513555,1.13470025512257,1.05393121765479,1.20189598694053,1.21448390040154,1.15854095818075,1.14397082994161
"C9orf3","ILMN_1674629","4584","A_24_P89887","212848_s_at","212848_s_at","A_23_P73012","212848_s_at","212848_s_at","212848_s_at",0.236776811804169,-0.12241218088155,0.076158217117286,0.00215947844241076,0.217668139337855,-1.07104910072472,-1.3487304055454,1.54966646156812,1.26155958444085,1.07017214612556,1.17492392487095,1.39131829305619,1.17655776077636,1.14379786805097
"TRIM58","ILMN_1705458","20505","A_23_P314052","215047_at","215047_at","A_23_P314052","215047_at","215047_at","215047_at",-0.223848897389912,0.123575346819262,-0.0745514552562008,0.00282853572213479,0.224374448126934,1.00713282082697,-1.0038853747896,-1.11866505878233,-1.04526204463789,-1.66474064941248,-1.27389997522297,1.01870119337422,-1.12774639904022,-1.13995337581356
"GRB14","ILMN_1700037","1747","A_23_P154526","206204_at","206204_at","A_23_P154526","206204_at","206204_at","206204_at",-0.22375575254581,0.125432557196535,-0.0741426804979291,0.00379022235888608,0.254641061335775,-1.04176181542506,1.05689537627246,-1.38013645768772,-1.07457358387489,-1.71792779880215,1.01303632252076,1.01560023234512,-1.13808237232878,-1.13963151436962
"FCGR2A","ILMN_1706523","10491","A_23_P85716","203561_at","203561_at","A_23_P85716","203561_at","203561_at","203561_at",0.222344372216886,-0.114587058666318,0.0673130419854322,0.00358184802523862,0.249976649952781,1.07781369672851,1.30763365794614,-1.30493444780616,1.04219874315991,1.14830727587551,1.29131879532389,1.01838253406562,1.36370490411249,1.13939806573907
"C3AR1","ILMN_1787529","2803","A_23_P2431","209906_at","209906_at","A_23_P2431","209906_at","209906_at","209906_at",0.292575927239042,-0.151124032906306,0.0946790174527008,0.000119920560785759,0.110158475674558,1.0505411526642,1.01005877858715,-1.09760198834416,1.12074476866566,1.12227978847342,1.20807836519998,1.13673068674742,1.35516572583143,1.13766956445429
"SMAD1","ILMN_1705392","21739","A_23_P212870","210993_s_at","210993_s_at","A_23_P212870","210993_s_at","210993_s_at","210993_s_at",0.231888081436475,-0.120121933104657,0.0730526483821221,0.00256166409798952,0.222756929989525,1.03414744781992,1.12615930337057,1.15890055064376,1.31470168800685,1.20537053832699,1.07079279272347,1.24214222591089,1.07647614102358,1.13639988250472
"PVRL2","ILMN_1718303","21600","A_23_P352870","225418_at","203149_at","A_23_P208293","225418_at","203149_at","203149_at",0.230694747690883,-0.109787625838586,0.0803815786329996,0.00270664556487879,0.222756929989525,1.08951000857127,1.48218873079539,1.20932450359756,1.12826924499102,-1.04604046734958,1.05452626862946,1.21082299386712,1.12483237563431,1.13368137890439
"TGFBR2","ILMN_1744862","8000","A_23_P337242","208944_at","208944_at","A_23_P211957","208944_at","208944_at","208944_at",0.249879619721551,-0.119741481216284,0.0810336001218545,0.00135614498769625,0.208207220260444,-1.02372850286893,1.09636173676974,1.09177265659392,1.1878605624978,1.28580705873071,1.14917747160485,-1.01339237498329,1.21778293351692,1.1321192161525
"GSN","ILMN_1801043","22901","A_23_P255884","200696_s_at","200696_s_at","A_23_P255884","200696_s_at","200696_s_at","200696_s_at",0.239119028370251,-0.117853658558011,0.0820430722635824,0.00151119756342697,0.208207220260444,1.04666096992092,1.0578775972133,1.15731813773956,1.26992526407682,1.26034722446706,1.06415947566062,-1.00108022274216,1.16202682618505,1.1297842866765
"EGR1","ILMN_1762899","21453","A_23_P214080","201694_s_at","201694_s_at","A_23_P214080","201694_s_at","201694_s_at","201694_s_at",0.20782781793263,-0.1067704672477,0.0649210511635617,0.00645603641299245,0.3034361783043,-1.07957840598989,-1.31101352587659,1.2356264666327,1.33224940390265,1.04712604920741,1.14155727156739,1.21013130285255,1.29756214526932,1.12888621341283
"MACROD1","ILMN_1740960","24346","A_23_P86855","219188_s_at","219188_s_at","A_23_P86855","219188_s_at","219188_s_at","219188_s_at",-0.245304145412461,0.123776430653364,-0.0768771556474415,0.00179413730221065,0.215564985390767,-1.23283319720639,-1.22033355140372,1.0359684363788,-1.18825826621405,-1.13964549079836,-1.00569483266169,1.06629588826216,-1.24641031112437,-1.12803203757352
"COL9A2","ILMN_1685122","2414","A_23_P45786","213622_at","213622_at","A_23_P45786","213622_at","213622_at","213622_at",-0.20882402261262,0.108312986179246,-0.0651328222012126,0.0054576850394743,0.285185700792848,1.15025619358775,1.1079607832437,-1.02369741365194,-1.27624226006364,-1.19916612132903,-1.16992341840042,1.05554524154986,-1.40561188492369,-1.12408279282291
"LMCD1","ILMN_1754969","24022","A_23_P6771","218574_s_at","218574_s_at","A_23_P6771","218574_s_at","218574_s_at","218574_s_at",0.223898100633327,-0.129744678446121,0.06226918139638,0.00403845187521885,0.261142799835957,-1.00056235358289,1.38889089023225,1.12587904417599,1.24072703384387,-1.19362240912812,1.299830967578,1.01492691607868,1.1666336583128,1.12346732063956
"CD82","ILMN_1662973","2708","A_23_P1782","203904_x_at","203904_x_at","A_23_P1782","203904_x_at","203904_x_at","203904_x_at",0.207465449759088,-0.10486265762856,0.0618797267904915,0.00918472200913226,0.329816315336599,1.25908116023446,1.24716977418245,1.38156002553076,1.04512038328726,-1.00763109327262,1.02925553979406,1.06639278970618,1.08062998240975,1.1224776432189
"C4BPA","ILMN_1810752","6229","A_23_P97541","205654_at","205654_at","A_23_P97541","205654_at","205654_at","205654_at",-0.20834674303034,0.11902937804919,-0.0676961051379487,0.00422603235226179,0.264992352450396,-1.01059627023138,1.01361922264256,-1.37194441641402,-1.13345854496195,-1.0093842799752,-1.02730104806791,-1.36320876731598,-1.15264931168892,-1.12029081778818
"ID3","ILMN_1732296","7356","A_23_P137381","207826_s_at","207826_s_at","A_23_P137381","207826_s_at","207826_s_at","207826_s_at",0.225550375053938,-0.113045088238915,0.0726772993885034,0.00438716138486578,0.267454357018114,1.01101150016512,-1.11836519295741,-1.1328841991966,1.18475797269727,1.13721386671174,1.2415809180076,1.13902754915691,1.30797159147675,1.1200867999206
"WDR59","ILMN_1795428","23622","A_23_P206856","218505_at","218505_at","A_23_P206856","218505_at","218505_at","218505_at",-0.237751751364404,0.131620769279791,-0.0761978061260312,0.00185293500120181,0.215564985390767,-1.02390061848728,-1.15273726873255,-1.28473666703179,-1.11241882050231,-1.00212620373874,1.03335740258105,-1.24009450783931,-1.20133302744759,-1.1184303396701
"CBR4","ILMN_1813400","23023","A_24_P351521","244052_at","213626_at","A_23_P213237","244052_at","213626_at","213626_at",-0.219665307149691,0.118936824369598,-0.0665444259622325,0.00354676253436146,0.249976649952781,-1.14421498304202,-1.15679613417852,-1.18414628461083,-1.10283755157545,1.1011719372852,-1.13027116964674,-1.1630548616873,-1.1551848414166,-1.11777931751087
"GATAD1","ILMN_1710863","8687","A_24_P35169","208503_s_at","208503_s_at","A_23_P82509","208503_s_at","208503_s_at","208503_s_at",-0.225639217312902,0.11802010517555,-0.0698672400974177,0.00325674552996334,0.24177553899025,-1.03007960059214,-1.05637552023462,-1.05721430047241,-1.03683590096452,-1.08623151057712,-1.03963770230168,-1.66525326171243,-1.14850286806182,-1.11721607488097
"CHGA","ILMN_1669410","17975","A_32_P27046","204697_s_at","204697_s_at","A_32_P27046","204697_s_at","204697_s_at","204697_s_at",-0.210225505268144,0.107020871041078,-0.0752477301764783,0.00483269249033394,0.27363021417757,1.02777864647687,-1.0721610699826,-1.26011148955798,-1.17255545084198,-1.0001029990919,-1.14412563164284,-1.11832492937218,-1.17932670679815,-1.11718577841038
"ARL4C","ILMN_1768391","8519","A_23_P317620","202207_at","202207_at","A_23_P317620","202207_at","202207_at","202207_at",0.254984498073333,-0.120523113062133,0.0914921948771345,0.000757140086380568,0.16871701017909,-1.01117756961505,-1.28166304169912,1.03512948220542,1.24214561653354,1.18381608343675,1.32394222337431,-1.20115205045234,1.33457808644488,1.11675788444703
"ABCA1","ILMN_1766054","23438","A_24_P235429","203505_at","203505_at","A_24_P235429","203505_at","203505_at","203505_at",0.273621741923158,-0.129782523679974,0.0898856953046551,0.000490235903537216,0.161385659444451,1.04364131090009,-1.03357568740091,1.02438609078658,1.00187299347248,1.10645251012655,1.19692003222807,1.27190924497845,1.23514974598125,1.11671726250605
"BSG","ILMN_1778374","27353","A_24_P202769","208677_s_at","208677_s_at","A_24_P134266","208677_s_at","208677_s_at","208677_s_at",-0.203255500113257,0.0971295865256298,-0.0676451577540321,0.00776511495935942,0.315360088988254,-1.02717898765036,-1.19731618956527,-1.02788003340898,-1.01105729909573,-1.09865531962132,-1.12594217176819,-1.32948358678665,-1.16629941065774,-1.11653338240088
"PDGFRB","ILMN_1815057","5486","A_23_P421401","202273_at","202273_at","A_23_P421401","202273_at","202273_at","202273_at",0.20395948813049,-0.100794042609289,0.0681704513145606,0.0093298163727144,0.329816315336599,-1.06638617370113,1.01678086485812,-1.02631297456317,1.22200521307923,1.26442643671957,1.16055950701351,1.36387866438601,1.10674985407199,1.11614313823244
"MYOF","ILMN_1810289","13447","A_24_P282309","201798_s_at","201798_s_at","A_23_P86682","201798_s_at","201798_s_at","201798_s_at",0.226816211511962,-0.111646285145139,0.0750679889413219,0.00299212935401425,0.234525948414641,-1.03670205029303,-1.03533801430558,-1.04862569806417,1.27477145357209,1.26135969030183,1.1894850608987,1.00361809071667,1.22187646893531,1.1157737527261
"HLF","ILMN_1722829","12165","A_23_P356585","204754_at","204754_at","A_23_P356585","204754_at","204754_at","204754_at",-0.197610714845294,0.100630318163267,-0.0646800358562347,0.00991851039893713,0.337142712535184,-1.26939126220601,-1.00642987201178,-1.67164923436985,-1.0160123782871,1.02528855100557,-1.07554592360475,-1.05393218250059,-1.03534213283896,-1.11437339506027
"MTDH","ILMN_1810838","909","A_24_P760130","212251_at","212251_at","A_24_P230877","212251_at","212251_at","212251_at",0.252119739421045,-0.126851606238918,0.0802316734065379,0.00107931406460585,0.192276930478206,1.02612245428121,1.1286567071676,1.12914601605078,1.11229858359918,-1.06671319502777,1.17001482309832,1.18043626618378,1.1899643856347,1.11293451108761
"PTCH1","ILMN_1800331","16080","A_24_P115490","209815_at","209815_at","A_24_P106910","209815_at","209815_at","209815_at",-0.216696851104351,0.125202769563523,-0.0662455555284501,0.00501905081942411,0.277692694076373,-1.00716428653651,-1.08348713823683,-1.1802273500772,-1.31771332129409,1.02054608909824,-1.13548695340391,-1.14134285691571,-1.10755912211962,-1.1124602994258
"TSC2","ILMN_1714216","6673","A_23_P66110","215735_s_at","215735_s_at","A_23_P66110","215735_s_at","215735_s_at","215735_s_at",-0.209269205322926,0.117101371661106,-0.0608677547503929,0.00557907213007614,0.288266530391601,-1.08879326926721,-1.09731340782717,-1.06042469760807,-1.14876152206233,-1.08101949391881,-1.05444999974397,-1.2789911533034,-1.11798855725454,-1.11028722473526
"DSE","ILMN_1706498","24267","A_23_P19226","218854_at","218854_at","A_23_P19226","218854_at","218854_at","218854_at",0.21028403886684,-0.0989146746122256,0.0719575724104589,0.00589163731579399,0.29386772793324,1.05079586770852,-1.05250856854903,-1.18241115168816,1.13667032876032,1.25058187770907,1.19631925012779,1.06513917549774,1.25271932709343,1.10990015241909
"CCDC109B","ILMN_1801766","23450","A_23_P255376","218802_at","218802_at","A_23_P255376","218802_at","218802_at","218802_at",0.213347317428715,-0.115068695474196,0.0647161088747674,0.00469520636210181,0.271168760421739,1.07976328605,-1.06975044422695,1.00545374094828,1.1577655374039,1.24489126269646,1.09214701409073,1.0315021346917,1.21053851072073,1.10965809981083
"HMGCS2","ILMN_1815203","19269","A_23_P103588","204607_at","204607_at","A_23_P103588","204607_at","204607_at","204607_at",-0.182557447990991,0.110048115853755,-0.0618724081708037,0.0104871966323929,0.337142712535184,1.01440216123317,1.01141433489088,-1.02980715757603,-1.11653764087613,-1.35664349828224,-1.09310938908821,-1.06791807402713,-1.17440319582776,-1.10669742527779
"PAQR6","ILMN_1737631","24652","A_23_P97283","219236_at","219236_at","A_23_P97283","219236_at","219236_at","219236_at",-0.230585016789407,0.1288709216134,-0.0713039625710333,0.00198160012861469,0.217447587446652,-1.05371482906824,-1.10456638521062,-1.28557995959844,-1.0552465160295,-1.16248757999102,-1.09534212466025,1.04515549025439,-1.12902653777497,-1.10644843787765
"LIMA1","ILMN_1704369","3092","A_23_P151267","217892_s_at","217892_s_at","A_23_P151267","217892_s_at","217892_s_at","217892_s_at",0.202332268572398,-0.102043107942199,0.0656464935402247,0.00806061886368222,0.315899491657641,1.03842825570995,1.19729047137841,1.01854473172714,1.07486042041867,1.06691278185481,1.18251197247632,1.06610352888793,1.16108091560048,1.10486289748355
"SOX15","ILMN_1784217","19127","A_23_P164011","206122_at","206122_at","A_23_P164011","206122_at","206122_at","206122_at",-0.207556287900361,0.100752534241235,-0.0744007099888402,0.0052653390077332,0.283236101667502,1.05488521966683,-1.0540886989538,-1.15696677930086,-1.05572320693136,-1.42787814571799,-1.08192139261977,1.01212245058074,-1.14582067064086,-1.1048525766219
"LPAR1","ILMN_1701441","25480","A_23_P502879","204036_at","204038_s_at","A_23_P502879","204036_at","204038_s_at","204038_s_at",0.234056297986061,-0.123299865365284,0.0714049510857175,0.00361992582682713,0.249976649952781,-1.04103287576499,-1.01969085688908,1.21056229579627,-1.05004163644095,1.31615484888745,1.38981629598788,-1.05577904239422,1.10277906993644,1.10427081425685
"CYP17A1","ILMN_1760554","28729","A_24_P52597","205502_at","205502_at","A_24_P52597","205502_at","205502_at","205502_at",-0.203525920672868,0.104173290752753,-0.0724016168965091,0.00823113708529875,0.316922845436298,-1.05285730738275,1.0721380506871,-1.17788785318225,-1.06662238863217,-1.66912272571996,1.01038032251004,-1.01004790386573,-1.06787833359044,-1.10268085499026
"OSTF1","ILMN_1742456","22878","A_24_P183963","204479_at","204479_at","A_23_P60296","204479_at","204479_at","204479_at",0.227087647086347,-0.118986548903217,0.0719531553065422,0.00251873387284379,0.222756929989525,1.04217337154247,1.09815352969087,1.01635246933985,1.07341534046437,1.13221516001782,1.068884996056,1.05783380973585,1.22211825306898,1.10179349450894
"LY86","ILMN_1807825","1600","A_23_P70688","205859_at","205859_at","A_23_P70688","205859_at","205859_at","205859_at",0.215943397514507,-0.119119429367296,0.0636222484665303,0.00464965700545098,0.271168760421739,1.11903925391755,1.01192670363625,-1.10313950557113,1.07091765864664,1.18529040719583,1.25476372105183,-1.02644248541773,1.17808171217956,1.10153477541917
"CDK10","ILMN_1700611","9854","A_24_P65199","203469_s_at","210622_x_at","A_23_P152245","203469_s_at","210622_x_at","210622_x_at",-0.31245805733259,0.16702639621493,-0.0974414765934061,3.37598134509731e-05,0.110158475674558,-1.1913820853526,-1.16418054300302,-1.07101740212708,-1.09351456052338,1.11050480711579,-1.06397094917516,-1.17444606430081,-1.14605595534315,-1.10039230779549
"B3GNT1","ILMN_1782918","16834","A_23_P86900","203188_at","203188_at","A_23_P86900","203188_at","203188_at","203188_at",-0.221891353762355,0.110425410766565,-0.073930694004736,0.00373407265996152,0.253454993744192,-1.00506145157832,-1.33355052479263,-1.01478317450903,-1.13030906208946,-1.05893828037174,-1.17737152396996,1.00766488540596,-1.12643137729824,-1.0999151214501
"DOCK2","ILMN_1799725","24930","A_24_P263653","213160_at","213160_at","A_24_P408704","213160_at","213160_at","213160_at",0.243947199104959,-0.11730666724768,0.0837271769869312,0.00186622177510233,0.215564985390767,1.0904113169338,-1.09987768918699,-1.05127184623612,1.14105958751863,1.17972982985413,1.14367415537552,1.0973912433051,1.1810059669086,1.09987692920507
"CHST10","ILMN_1736828","17848","A_23_P102351","204065_at","204065_at","A_23_P102351","204065_at","204065_at","204065_at",-0.257716117505735,0.125171385906942,-0.0899651407142294,0.00070944905875815,0.16871701017909,-1.03453347315676,-1.1477849805102,-1.22673559860885,-1.09823860568406,-1.2238979946426,-1.07631175747801,1.06704265349022,-1.08850334654467,-1.09942178623115
"SH3PXD2A","ILMN_1743103","16725","A_23_P35456","224817_at","213252_at","A_23_P35456","224817_at","213252_at","213252_at",0.26783248981566,-0.123897670925607,0.0886217793193662,0.00100150026391513,0.189579581991733,-1.06358134591347,1.14186705722267,1.20462160822032,1.08403834066719,-1.05188234588949,1.24801712468017,1.13313308533294,1.12809573260734,1.0992432587169
"FOXO1","ILMN_1738816","9840","A_24_P22079","202724_s_at","202723_s_at","A_23_P151426","202724_s_at","202723_s_at","202723_s_at",0.201219616317829,-0.103854923489752,0.0583339522210767,0.0100026856147879,0.337142712535184,1.00549687007001,1.04946841894905,-1.00094006193474,1.09835104455276,-1.00396438792951,1.12681210067721,1.14327539631495,1.2398803683383,1.09625069644578
"TMEM165","ILMN_1773935","3403","A_24_P43391","226825_s_at","218095_s_at","A_23_P133174","226825_s_at","218095_s_at","218095_s_at",0.248865904389386,-0.129295969811123,0.0743424325041301,0.00141352749060493,0.208207220260444,1.02346913672573,1.20425134950336,1.21829454472902,1.05106298311007,1.1378548521713,1.12364442057087,-1.04953279727184,1.09106567360007,1.09554460646983
"KIAA0196","ILMN_1728676","1833","A_23_P112113","201985_at","201985_at","A_23_P112113","201985_at","201985_at","201985_at",0.24590639324703,-0.119852454787784,0.080229686592289,0.00139772023610291,0.208207220260444,1.12191645155792,1.25240520040001,1.1328070330095,1.1043586769506,1.02722933770388,1.1242990973195,-1.09643102951156,1.10086641144052,1.09542270558411
"NEK11","ILMN_1788149","15456","A_23_P211973","219542_at","219542_at","A_23_P155301","219542_at","219542_at","219542_at",-0.207556244288622,0.101091392193861,-0.0745481339619862,0.00630852337266294,0.300980564388499,-1.04064330561268,1.09793452384426,-1.2933285855364,-1.08607672576959,-1.00151521919942,-1.23560346082767,-1.17212094394864,-1.06520888043159,-1.09491933903656
"PIGL","ILMN_1760332","4948","A_23_P38618","213889_at","213889_at","A_24_P253755","213889_at","213889_at","213889_at",-0.192082552833367,0.0877981491640459,-0.0707508648454913,0.00957531897175116,0.331810000578998,-1.10093160170741,-1.25989293114788,-1.16888167372085,-1.00398180120015,1.01350989499712,-1.05418489428981,-1.04240557085686,-1.14631357568569,-1.09442077401654
"ENPEP","ILMN_1675325","23108","A_23_P333605","204844_at","204844_at","A_23_P333605","204844_at","204844_at","204844_at",0.207052608265176,-0.100375416943429,0.0678078863225579,0.00909076208336678,0.328865810752126,-1.00061051282714,1.01665628150958,1.30315413659992,1.07890746210827,1.00047092282,1.21335915314036,1.02495568399585,1.10481356693609,1.09279071855006
"ZNF652","ILMN_1664005","9055","A_23_P55256","225266_at","205594_at","A_23_P55256","225266_at","205594_at","205594_at",-0.276833079468882,0.135774670002618,-0.0839713604940596,0.000543531365572052,0.166227946912677,-1.10240515209039,1.12382691098777,-1.07909965689089,-1.19017040564475,1.07018113351977,-1.08504794020906,-1.03177447499287,-1.25420225734322,-1.09241784203943
"POLI","ILMN_1702218","12758","A_23_P306890","219317_at","219317_at","A_23_P306890","219317_at","219317_at","219317_at",-0.22449451944678,0.110654688500824,-0.0746234342749978,0.00357319356056406,0.249976649952781,-1.10911352821762,-1.04206916755743,-1.02958898672048,-1.13545746740671,-1.06555489751629,-1.06248024089785,-1.12741437338514,-1.12007235311195,-1.09033567218679
"NMB","ILMN_1683940","452","A_23_P88522","205204_at","205204_at","A_23_P88522","205204_at","205204_at","205204_at",-0.214939180234857,0.0982454834362735,-0.0769913291117078,0.00663407240634066,0.305519275705619,-1.10082731645112,1.03726377306667,-1.01924244761991,-1.06593986736585,-1.62808735901355,-1.08122829338808,1.11405594709842,-1.05550862251873,-1.08995596452706
"ZNF706","ILMN_1702384","12442","A_23_P252704","218059_at","218059_at","A_23_P252704","218059_at","218059_at","218059_at",0.26272603490441,-0.13350581551604,0.0843311903309831,0.000663400531522759,0.168027710894903,1.02549760301444,1.06560384255622,1.19859122784575,-1.00034636827247,1.09166317242367,1.0521007585399,1.03950404237109,1.1797914196925,1.08993403315075
"CUL7","ILMN_1672393","24258","A_23_P19348","36084_at","36084_at","A_23_P19348","36084_at","36084_at","36084_at",-0.273216839461797,0.157202378561099,-0.0824730124403145,0.000350707933431378,0.149116930660403,-1.02790713043323,-1.05494059676714,-1.07089177430929,-1.0287256741731,-1.0161653713207,-1.18757121095578,-1.02793607009714,-1.18715293890118,-1.0884722117434
"EHD4","ILMN_1720083","27384","A_23_P163458","209536_s_at","209536_s_at","A_23_P163458","209536_s_at","209536_s_at","209536_s_at",0.212596432808216,-0.103470833062685,0.0730101752124461,0.00560420958233975,0.288266530391601,1.08892874496115,1.11047453240958,1.16572624373165,1.08894059129609,1.08767422960624,1.02385089817056,1.1554641491527,1.05661280706716,1.08821927159684
"RLN2","ILMN_1744887","16615","A_23_P216455","214519_s_at","214519_s_at","A_23_P216455","214519_s_at","214519_s_at","214519_s_at",-0.192195608440333,0.109403673865578,-0.0675916158763926,0.0101867758511544,0.337142712535184,-1.2203269048866,1.0196258856666,1.00387311802246,-1.1114881891727,-1.14030563453028,1.03836380254572,-1.01739951863396,-1.17429470723518,-1.0878475998462
"SEMA4G","ILMN_1676248","7341","A_23_P127068","219194_at","219194_at","A_23_P127068","219194_at","219194_at","219194_at",-0.213420271596398,0.107962296923498,-0.0715810424646651,0.00529131842422581,0.283236101667502,-1.00923189488393,-1.07790896201522,-1.13514315301382,-1.11482412555838,-1.27686567791319,-1.12056441318119,-1.02570955361554,-1.02484377494818,-1.08737199436117
"COL7A1","ILMN_1751161","18111","A_23_P144071","204136_at","217312_s_at","A_23_P144071","204136_at","217312_s_at","217312_s_at",-0.218908627284317,0.124629511354664,-0.0710535623413657,0.00335118790695171,0.242953801543259,1.07570630325594,-1.24906657340221,-1.19577618014573,-1.10352505481351,-1.32645845832936,-1.01428200639046,1.15813175913781,-1.10239028772287,-1.08622987214091
"LHFPL2","ILMN_1811077","16116","A_24_P349092","212658_at","212658_at","A_23_P255104","212658_at","212658_at","212658_at",0.253290047336132,-0.120852615212134,0.0841889824621719,0.00119124912834068,0.20639958581566,1.02235736745002,1.09295587924221,1.0106530772735,1.10027293352317,1.03714282266116,1.18464310147249,-1.00778524496741,1.16354101052898,1.08619688110103
"FAN1","ILMN_1778734","18746","A_23_P377888","203678_at","203678_at","A_23_P377888","203678_at","203678_at","203678_at",-0.256375919256905,0.132290559561874,-0.0809764955909016,0.000826113827526593,0.17073869837483,-1.06188038917833,-1.18280675420007,1.02299778770877,-1.05894245740924,-1.11821146570745,-1.08955298179825,-1.00026290671664,-1.15075656728599,-1.08578656691905
"C6orf108","ILMN_1769343","11019","A_24_P414733","39817_s_at","39817_s_at","A_24_P414733","39817_s_at","39817_s_at","39817_s_at",-0.227403363107215,0.105138770344719,-0.0777736433673873,0.00394748342238575,0.261142799835957,-1.19453874236446,-1.11341282023481,1.0812500562248,-1.02283365065734,1.01603869530651,-1.21303954642981,1.04206509997644,-1.16941525349564,-1.08563448209068
"TMC6","ILMN_1794677","16177","A_23_P101013","204328_at","204328_at","A_23_P101013","204328_at","204328_at","204328_at",0.205532065437012,-0.099027108298019,0.0672595577168313,0.00786045285489427,0.315360088988254,1.04643707085236,-1.08056130927478,1.1770875495025,1.03685955873711,1.04098163975894,1.1081206124218,1.16110206859612,1.13289538485818,1.08421989321546
"KIAA0240","ILMN_1696127","18434","A_32_P134657","38892_at","38892_at","A_32_P134657","38892_at","38892_at","38892_at",-0.199240470387358,0.105810374443082,-0.0577387219531822,0.0102102169210707,0.337142712535184,-1.0544888957158,-1.03816639421985,-1.11793235493589,-1.14190332666843,1.14983974798403,-1.14510164461552,-1.20821198911624,-1.10859032016263,-1.08317173500929
"FSD1","ILMN_1694755","9281","A_23_P153651","219170_at","219170_at","A_23_P153651","219170_at","219170_at","219170_at",-0.256917028792085,0.136636049527272,-0.0821166667648856,0.000743591279448951,0.16871701017909,-1.01797962537299,-1.00540232683509,-1.22434842807493,-1.08830914539627,-1.26804221265143,-1.12141263408309,1.07531746915145,-1.04725035395627,-1.08299964869398
"LSAMP","ILMN_1739154","22449","A_23_P301855","214460_at","214460_at","A_23_P301855","214460_at","214460_at","214460_at",0.262174621176714,-0.136762696777997,0.0730789573858097,0.00145583735988145,0.208207220260444,1.07720872442809,-1.04164558374552,1.12061493770912,1.05354679873377,1.38316054384443,1.03886133062888,-1.09041362372442,1.09454165968285,1.08179449085671
"WDR33","ILMN_1670172","24144","A_32_P328023","222763_s_at","218851_s_at","A_32_P328023","222763_s_at","218851_s_at","218851_s_at",-0.22635019014849,0.116103062404839,-0.0775856316688907,0.00203172308265502,0.217668139337855,-1.16848924037126,-1.06069368438983,-1.00109233119728,-1.0288793241352,-1.15667597490906,1.01234277183804,1.01401525852829,-1.16927143321756,-1.08129935152182
"RIC3","ILMN_1749077","7466","A_24_P141520","220282_at","220282_at","A_24_P141520","220282_at","220282_at","220282_at",-0.209762366784842,0.0826511164971078,-0.0837654713487726,0.00691870726876371,0.311906260907967,-1.03611941788887,1.20969133225077,-1.15315117337484,-1.11200952089475,-1.39548984686478,-1.07944121672119,-1.11667811182901,-1.02217482811003,-1.0809842570061
"VTI1B","ILMN_1693136","11086","A_23_P14284","209452_s_at","209452_s_at","A_23_P14284","209452_s_at","209452_s_at","209452_s_at",0.228887747773813,-0.115970808133604,0.0712837623750389,0.00317794966355287,0.24177553899025,-1.0140679741796,1.11508309660304,1.08239848867246,1.02623726550221,1.06451769272201,1.02429564259727,1.05637724998911,1.20761892207652,1.08048018877485
"LLGL1","ILMN_1798212","19131","A_23_P130266","236594_at","206123_at","A_23_P130266","236594_at","206123_at","206123_at",-0.235420109519702,0.119946122406678,-0.0796486985004159,0.00245200225183422,0.22115044967228,1.05772842954993,-1.05571163838694,-1.00564774758692,-1.2519799755978,-1.15484608567558,-1.12176993462684,-1.13234136127549,-1.04568021692652,-1.07890438054461
"SYN2","ILMN_1757081","19328","A_23_P109812","229039_at","210247_at","A_23_P109812","229039_at","210247_at","210247_at",-0.190727637154497,0.098862624789718,-0.0646260823951061,0.0105499927637669,0.337142712535184,-1.03685068503444,1.04644125823334,-1.19370133996717,-1.04501350032193,-1.40774015039147,1.02192653293599,-1.04356484205916,-1.05199790477054,-1.07884343935024
"REV1","ILMN_1707062","8516","A_23_P32970","218428_s_at","218428_s_at","A_24_P256325","218428_s_at","218428_s_at","218428_s_at",-0.219490775976444,0.114186022250716,-0.0694167403013661,0.0045376532780305,0.270055588889434,-1.09719259794401,-1.02119338625436,-1.15683647959701,-1.01581128679842,-1.18468259399982,-1.04803740172476,-1.08506461333748,-1.05354280984105,-1.07880683623606
"GTPBP3","ILMN_1748894","3336","A_23_P28068","213835_x_at","213835_x_at","A_23_P28068","213835_x_at","213835_x_at","213835_x_at",-0.20444535229952,0.113974568128678,-0.0649944050431932,0.00663567078157708,0.305519275705619,-1.08086764229612,1.01696169463985,1.02006445437232,-1.11533184069164,1.01252333433974,-1.01267214208563,-1.26122302884818,-1.16693895460804,-1.07849917652504
"ITPKB","ILMN_1700432","16737","A_23_P372255","203723_at","203723_at","A_23_P372255","203723_at","203723_at","203723_at",0.202825072952176,-0.0971054430664456,0.0664994439445117,0.0095195596933892,0.331623180006743,1.16478837670273,1.10216811891707,1.08888718839014,1.00292562526011,1.22567300948699,1.10547104766038,-1.07429218535888,1.03607108057555,1.07827948292455
"MAZ","ILMN_1677997","24955","A_23_P33436","212064_x_at","212064_x_at","A_23_P33433","212064_x_at","212064_x_at","212064_x_at",-0.260706225580562,0.141672311257066,-0.0785716662385875,0.000829835715066,0.17073869837483,-1.03108296485171,-1.03282495443794,1.01803810009129,-1.11196776731024,-1.00154430823053,-1.01927964894563,-1.12350801333778,-1.21630367517249,-1.07787576530233
"NFKB1","ILMN_1714965","11120","A_23_P30024","209239_at","209239_at","A_23_P30024","209239_at","209239_at","209239_at",0.234837647125104,-0.127274800634329,0.0675587425617221,0.00231421168797841,0.217668139337855,-1.05000855726921,1.07408983331738,-1.04112421948191,1.06416231621087,1.16902069269828,1.10530265301325,-1.01664210224252,1.20350883614465,1.07681929180894
"SPG7","ILMN_1754529","13979","A_32_P115451","214494_s_at","214494_s_at","A_23_P3627","214494_s_at","214494_s_at","214494_s_at",-0.213983222235107,0.121791397990486,-0.0654716787450047,0.00484811162964446,0.27363021417757,-1.01512149509707,-1.1307750790492,-1.24494503590783,-1.05179539862725,1.01650815048822,1.02939168054682,1.00571189054081,-1.17752533893618,-1.07603930494677
"GAS8","ILMN_1783798","21762","A_23_P206435","204921_at","204921_at","A_23_P206435","204921_at","204921_at","204921_at",-0.275768490783129,0.132640105517394,-0.100195726959022,0.000250559311672271,0.137473542337519,-1.02710393830771,1.07461607374844,-1.2317057711872,-1.0760550766298,-1.03814201390094,1.01507383129613,-1.0738900624096,-1.17209945965381,-1.07590995808796
"LANCL2","ILMN_1708009","15998","A_24_P286569","218219_s_at","218219_s_at","A_23_P82642","218219_s_at","218219_s_at","218219_s_at",-0.241162520709178,0.119482808894605,-0.0772975965530871,0.0019287958273166,0.217447587446652,-1.04847176755215,-1.02340862951123,1.04144948284746,-1.16441170741834,-1.09777962412338,-1.03659763650852,1.00877156166301,-1.1744914469858,-1.07498930775333
"ADAM9","ILMN_1727524","21236","A_32_P5168","202381_at","202381_at","A_23_P72643","202381_at","202381_at","202381_at",0.195728972006269,-0.102769907979541,0.0599652957583866,0.0103461286726485,0.337142712535184,1.03189634248522,-1.08319036852733,-1.08477314692761,1.05298336775819,1.06898422312409,1.14865478645233,1.05539519409612,1.23088116478189,1.07497022609581
"NFYA","ILMN_1690325","7476","A_23_P501583","204108_at","204108_at","A_24_P414719","204108_at","204108_at","204108_at",-0.229844908517132,0.114684072413192,-0.0742859525487445,0.0025777869762331,0.222756929989525,1.03555708941561,1.06050764602318,1.01846970692897,-1.03719761979153,-1.15608527210156,-1.13624383057907,-1.08478424671764,-1.18719032782103,-1.07474216648382
"SLCO2B1","ILMN_1761199","4953","A_23_P150768","203473_at","203473_at","A_23_P150768","203473_at","203473_at","203473_at",0.206424573478387,-0.101204573999683,0.0666210590271826,0.00737456142103958,0.315360088988254,1.01572779375523,1.12750811185987,-1.36021024065779,1.13432945274122,1.1902666417093,1.1692931598483,-1.14873010070147,1.2482221793304,1.07437485539402
"TRIM8","ILMN_1746704","5508","A_23_P46844","221012_s_at","221012_s_at","A_23_P46844","221012_s_at","221012_s_at","221012_s_at",0.208205420283634,-0.0976488275974057,0.0713079238980565,0.00684634810260884,0.311906260907967,-1.02680993280076,1.08425898464759,1.14660686243348,1.14613504194315,1.0235640904825,1.10542312474109,1.02883892879188,1.09003878977752,1.07432555850503
"TTLL1","ILMN_1806415","19126","A_23_P120970","205652_s_at","205652_s_at","A_23_P120970","205652_s_at","205652_s_at","205652_s_at",-0.204597429615833,0.112796035614982,-0.0621464973105447,0.00880713577273045,0.325765067009311,-1.02568533082973,-1.08378654930545,-1.34603510940655,-1.04135236239335,1.02243952734163,-1.12142232855816,-1.01640571494861,-1.0452108406601,-1.07345046436625
"CELSR3","ILMN_1691290","6131","A_23_P92093","40020_at","40020_at","A_23_P92093","40020_at","40020_at","40020_at",-0.194612032421253,0.107643394421308,-0.0664175192019872,0.00875873662941217,0.325765067009311,-1.06517562589968,-1.05238753340908,1.02464771394836,-1.04154296345891,-1.19252210536048,-1.14693720260019,-1.00168561953947,-1.08286291114752,-1.07317563081955
"AP3B2","ILMN_1679256","8499","A_23_P77304","205678_at","205678_at","A_23_P77304","205678_at","205678_at","205678_at",-0.261634608976539,0.142431877507325,-0.0883780994335155,0.000605934192877315,0.166227946912677,1.20697781602641,1.06443598139144,-1.09870700908216,1.03354710054603,-1.62026818271244,-1.08945503759068,1.0704055717475,-1.16408470174206,-1.07286654815395
"UBL4A","ILMN_1742147","21105","A_23_P335988","221746_at","221746_at","A_23_P335988","221746_at","221746_at","221746_at",0.20442625073399,-0.10133713975945,0.0679334672408857,0.00842893537700885,0.322651805361781,1.12486678224224,1.01990459563131,1.14787725411197,1.15471663711552,1.07555175983125,-1.03657140193693,1.02508226838406,1.07211625987492,1.07248902586719
"BBS4","ILMN_1762466","27449","A_24_P176284","212744_at","212744_at","A_23_P99967","212744_at","212744_at","212744_at",-0.215064286713664,0.113958847687736,-0.0655295123956724,0.00490406519941574,0.27363021417757,-1.04225905109441,-1.09729738620407,-1.07997080225166,-1.10154212582268,-1.09852810825985,-1.08084303509448,1.01381665004821,-1.08114508178661,-1.07248461042214
"ATP11B","ILMN_1658884","2036","A_24_P152310","212536_at","212536_at","A_24_P111737","212536_at","212536_at","212536_at",0.205763470917048,-0.09922247562313,0.066674144827143,0.00798987767872852,0.315360088988254,1.08090713786426,-1.03025257141017,1.30944730124834,-1.00071648699703,-1.08637072080858,1.0664863267574,-1.02745079879435,1.17367849030612,1.0724390522133
"CREM","ILMN_1745318","7803","A_24_P278393","209967_s_at","214508_x_at","A_24_P171075","209967_s_at","214508_x_at","214508_x_at",0.210493856416174,-0.104828072569756,0.0623689103234317,0.00788137156618298,0.315360088988254,1.01647700065972,-1.03595968366178,1.1484969816381,1.05153971946931,1.13489231123316,1.14951831612597,1.05798380357645,1.05514799924564,1.07184616495351
"RNMT","ILMN_1769637","19339","A_23_P55515","202683_s_at","202683_s_at","A_23_P55515","202683_s_at","202683_s_at","202683_s_at",-0.243787997277714,0.139388338458145,-0.0716672155456394,0.00123982334959541,0.208207220260444,-1.10771703292292,-1.04032126142711,-1.0325708918535,-1.05082152480139,-1.14742913838324,-1.06012271407291,1.0773027710679,-1.12510768979433,-1.07164822023213
"C2orf43","ILMN_1660275","1138","A_23_P420256","222192_s_at","222192_s_at","A_23_P420256","222192_s_at","222192_s_at","222192_s_at",-0.212188713133517,0.10674844785739,-0.0730249977483083,0.00571531107743151,0.289458524106223,-1.06424184174241,1.17414390758837,1.06635224392271,-1.18278215184553,-1.16321416584106,-1.14698288388555,-1.1562998419764,-1.0671574641794,-1.07161828688053
"PPOX","ILMN_1673798","2884","A_23_P201400","204788_s_at","204788_s_at","A_23_P201400","204788_s_at","204788_s_at","204788_s_at",-0.209990890051504,0.112429241354942,-0.0647367230907484,0.0061101688189222,0.297995196324324,-1.08726767164248,1.0454120865278,-1.20359953379812,1.03063334810303,-1.00151153296265,-1.08616242242476,-1.03488054196745,-1.14258250548128,-1.07061588511979
"USP21","ILMN_1780887","24338","A_23_P126689","218367_x_at","218367_x_at","A_23_P126689","218367_x_at","218367_x_at","218367_x_at",-0.204564587186058,0.103616191568282,-0.0648223010319419,0.00799895729967168,0.315360088988254,1.05962971804754,-1.10233280301144,-1.0275122785901,-1.02199118111727,-1.03363293838154,-1.05576991222508,-1.11227483614709,-1.19877321638145,-1.07055842394785
"RBM8A","ILMN_1781870","19965","A_32_P62571","222443_s_at","213852_at","A_23_P104116","222443_s_at","213852_at","213852_at",-0.237931264669112,0.123401776365758,-0.0685016429048822,0.00270156076058083,0.222756929989525,-1.05202367688009,-1.09898379822541,1.060838035008,-1.07736529306106,-1.04811334913185,-1.13750127156963,-1.0069339356902,-1.13152083110967,-1.07019668419655
"DYRK2","ILMN_1794588","1720","A_24_P942786","202969_at","202969_at","A_23_P204048","202969_at","202969_at","202969_at",0.205365146518982,-0.0838211593550163,0.0773607045565714,0.00756659607687205,0.315360088988254,-1.02100648909061,1.02931100244017,1.13700217348278,1.02528006826614,1.04178783298227,1.12463554155916,-1.13493883552653,1.20092539714365,1.06913909485899
"RANBP10","ILMN_1667306","29331","A_23_P369733","53987_at","221809_at","A_23_P369733","53987_at","221809_at","221809_at",-0.223860652081376,0.112408161382258,-0.0774633235278809,0.00411716009165209,0.261142799835957,-1.02571271583,-1.1613929967356,-1.28054714400213,-1.04409597595286,1.03176694146224,1.03895286315236,-1.09871994236462,-1.08457035718832,-1.06869134451357
"TH1L","ILMN_1663954","1248","A_23_P210643","225006_x_at","220607_x_at","A_23_P210643","225006_x_at","220607_x_at","220607_x_at",-0.207329524289055,0.111916071545204,-0.0610050712196318,0.00715337870551382,0.311906260907967,1.02399423286896,-1.01487423202098,-1.04017016372232,-1.10296444576569,-1.01280767157106,-1.13008668505824,-1.08652654885715,-1.12949170052126,-1.06850049792847
"CLASP1","ILMN_1700507","19344","A_23_P311232","212752_at","212752_at","A_23_P311232","212752_at","212752_at","212752_at",-0.202413316923964,0.0986394704841865,-0.0644019850612051,0.009250603118289,0.329816315336599,-1.11255280821006,-1.0720736585789,-1.00517494960392,-1.08898700006392,-1.11063000719559,-1.00192838843696,-1.02838454425423,-1.09291149748918,-1.0672825111446
"MARK3","ILMN_1704795","20469","A_23_P140111","202568_s_at","202568_s_at","A_23_P140111","202568_s_at","202568_s_at","202568_s_at",0.207785490253891,-0.0981447728278184,0.0706376827158073,0.0077536597437798,0.315360088988254,1.10413314982975,-1.06695874226195,1.15571064286973,1.00411948053746,1.14911558245919,1.00547177919443,1.10311286203519,1.07087201038539,1.06639741358929
"POLR1C","ILMN_1767219","13746","A_23_P70409","209317_at","209317_at","A_23_P70409","209317_at","209317_at","209317_at",-0.206434222049418,0.0939584186972272,-0.0704650304670077,0.00928748612015029,0.329816315336599,-1.00924366478204,-1.06003118957271,-1.00212208271372,-1.04285708702022,-1.02198093591337,-1.18249441735973,-1.02429755515662,-1.11950126289196,-1.06554986778843
"KIAA0753","ILMN_1680010","3035","A_23_P89543","204711_at","204711_at","A_23_P89543","204711_at","204711_at","204711_at",-0.287375180623175,0.141416448760465,-0.0887767782411954,0.000276654935254258,0.140115084131849,-1.08476254128448,1.0829187130542,-1.04434142468294,-1.10531081848457,1.09837947805336,-1.17586036087623,-1.03007904300351,-1.13999498780841,-1.06506779863751
"MANBA","ILMN_1800733","12274","A_23_P258698","203778_at","203778_at","A_23_P258698","203778_at","203778_at","203778_at",0.206550169973419,-0.0938377321463843,0.0754913726984279,0.00816144026751586,0.316087780713673,-1.04123770133195,-1.07638604805381,-1.100309515251,1.031713306858,1.21599487599524,1.05266053903052,1.15865669777399,1.18764596299838,1.06495777994047
"RAB32","ILMN_1768771","9908","A_23_P42375","204214_s_at","204214_s_at","A_23_P42375","204214_s_at","204214_s_at","204214_s_at",0.233834351833621,-0.111470099080775,0.0832228865980343,0.00213685255061186,0.217668139337855,1.02487112561518,-1.14383955767442,-1.01252218054089,1.06672581209541,-1.02008648841745,1.16534545000985,-1.03246062998398,1.24642212731871,1.06489719057649
"NEIL1","ILMN_1812622","3036","A_23_P129157","219396_s_at","219396_s_at","A_23_P129157","219396_s_at","219396_s_at","219396_s_at",-0.210959497667284,0.0960357503608032,-0.0764877157047632,0.00488529195234478,0.27363021417757,-1.0124529681033,-1.08376657767577,-1.16707296960841,-1.09344136731849,-1.12662206615255,-1.05875716319921,1.08544240674012,-1.06235463285433,-1.0645936514232
"EPB41","ILMN_1667408","21165","A_24_P558070","225051_at","214530_x_at","A_23_P160359","225051_at","214530_x_at","214530_x_at",-0.250472923693575,0.112845804239343,-0.0904006744348997,0.000923545771982267,0.184261374628219,-1.02721945018161,-1.14208710782868,1.0155761621892,-1.00401713315325,-1.19914754583304,-1.08726012344072,-1.0777444276041,-1.04518058101427,-1.06385835185641
"AKAP8L","ILMN_1768962","19132","A_23_P153767","218064_s_at","218064_s_at","A_23_P153767","218064_s_at","218064_s_at","218064_s_at",-0.233962409157677,0.121220951139722,-0.0753337446839041,0.00222470922622234,0.217668139337855,-1.03804278520304,1.17041509397517,1.03168823802401,-1.11323710049509,-1.08189638560209,-1.01486749789496,1.15221227277659,-1.32056677877699,-1.06379117813762
"EIF2AK1","ILMN_1700815","300","A_24_P123768","217736_s_at","217736_s_at","A_23_P251173","217736_s_at","217736_s_at","217736_s_at",-0.205009103508169,0.105884238217299,-0.0659295552125379,0.00893637087778687,0.326872588107493,-1.05681908610368,-1.01990957400732,1.00533704315762,-1.19434000410774,-1.02423014661042,1.00838882711155,1.03819705035834,-1.15883309382942,-1.06239866967311
"MAN2A1","ILMN_1809402","24293","A_23_P18931","226538_at","205105_at","A_23_P18931","226538_at","205105_at","205105_at",0.223410352131732,-0.109338671866455,0.0748413514222508,0.00405760323819956,0.261142799835957,1.00776101497812,-1.24798087899843,-1.01736102868539,1.04360043426295,1.09628455100572,1.24461926779785,-1.0611244662768,1.20222405415316,1.06234236850843
"SCARB1","ILMN_1668387","29184","A_23_P369201","1552256_a_at","201819_at","A_23_P203900","1552256_a_at","201819_at","201819_at",-0.213630468031735,0.107174201143154,-0.070826755440842,0.00466244125112496,0.271168760421739,-1.12080588892022,1.03576311760276,-1.28964149630336,-1.07016355419281,-1.01842779064988,-1.00798772101707,1.14569885755277,-1.1017694897283,-1.06185407128342
"ZNF135","ILMN_1726368","12330","A_23_P348227","206142_at","206142_at","A_23_P348227","206142_at","206142_at","206142_at",-0.197613830265098,0.0993623659152405,-0.0634006556904454,0.00936750470351518,0.329816315336599,1.05158431026164,1.02215155268622,-1.09472350676639,-1.07117363183386,-1.15186668273642,-1.08754626106411,-1.03602252199681,-1.08785201181891,-1.06006415645745
"HIVEP2","ILMN_1745447","28650","A_23_P214766","212642_s_at","212642_s_at","A_23_P214766","212642_s_at","212642_s_at","212642_s_at",0.198151597046678,-0.0890300833126294,0.0722810486810023,0.00996516546880911,0.337142712535184,-1.02612844689633,-1.33218646624888,-1.00680533630499,1.03547429167603,1.13440932867825,1.14750758016197,1.14266883273003,1.18434738443857,1.05964359691108
"NR1H4","ILMN_1749335","12969","A_23_P25396","206340_at","206340_at","A_23_P25396","206340_at","206340_at","206340_at",-0.198431256245957,0.105275509086414,-0.0688465311032883,0.00888063301692977,0.32664853510316,-1.03470904712642,1.01479246618511,-1.15826897531674,-1.14759501979076,-1.06648783001055,-1.00198541392573,-1.09816820507996,-1.02903645014731,-1.05879000657771
"ULK2","ILMN_1715482","2846","A_23_P55107","204062_s_at","204063_s_at","A_23_P55107","204062_s_at","204063_s_at","204063_s_at",-0.210499193669516,0.114002654938069,-0.0637776626074573,0.0059655935316759,0.295319306861309,-1.04007716314937,-1.04693291792484,-1.24242346818299,-1.02502786781574,1.12328531989859,-1.11161079352857,-1.04832169860868,-1.0750668014947,-1.05850641687513
"ACVR1","ILMN_1760490","24093","A_23_P79221","203935_at","203935_at","A_23_P79221","203935_at","203935_at","203935_at",0.204406047675161,-0.102586704089067,0.0620462809813578,0.00862982786513285,0.325443506712111,-1.04734125796648,1.02531217398377,1.0649037974317,1.03471817627044,1.05685102192084,1.16894930172786,-1.07973498669526,1.13696097232585,1.05731976348507
"CLN3","ILMN_1669281","5934","A_32_P53713","209275_s_at","209275_s_at","A_23_P88971","209275_s_at","209275_s_at","209275_s_at",-0.206575219289355,0.0968029928567896,-0.0693881531639676,0.00768478656586587,0.315360088988254,1.04789939517363,1.10873662198309,-1.1565583346563,-1.07390297591843,-1.00654326201172,-1.0676066513158,-1.0849720600284,-1.13182590586006,-1.0551776136048
"ACSL3","ILMN_1666096","2173","A_24_P37319","201662_s_at","201662_s_at","A_24_P248606","201662_s_at","201662_s_at","201662_s_at",0.229898557517446,-0.111394400505143,0.0763334634691621,0.00278814380485672,0.224374448126934,-1.0270691138693,-1.19921367331288,1.17552330010353,1.00572398229532,1.0510075634127,1.09450903307414,1.00982626785782,1.16320767157174,1.05311355434859
"ATP2B1","ILMN_1750599","13682","A_23_P128319","215716_s_at","209281_s_at","A_23_P128319","215716_s_at","209281_s_at","209281_s_at",0.211167624026061,-0.109665894457618,0.0633522371186253,0.00584000906572956,0.293516180830255,1.1319994529321,-1.11241805183724,1.11389234253484,1.0550441033443,-1.03843845686656,1.10089279695625,-1.20713309130808,1.16667949040584,1.05268320138846
"FABP7","ILMN_1804948","21151","A_23_P134139","205030_at","216192_at","A_23_P134139","205030_at","216192_at","216192_at",-0.198516818997576,0.101884883705145,-0.0651787715078637,0.00904798183309687,0.328865810752126,-1.01611584114415,1.09123135538031,-1.16598292519663,-1.0051933174381,-1.23551182714551,-1.01607645367472,-1.08062228842617,-1.03005891223043,-1.05259666896371
"GRB2","ILMN_1748797","21654","A_23_P77847","223049_at","215075_s_at","A_23_P77847","223049_at","215075_s_at","215075_s_at",0.212239419883802,-0.111963237804882,0.0678603781733629,0.00512210094085123,0.280381223879188,-1.01156170526449,-1.0286513509669,1.00024412297687,1.06418579577653,1.04921090850599,1.06646671735983,1.04547697804955,1.13806024795039,1.0518600895409
"SPATA20","ILMN_1687247","7258","A_23_P118633","218164_at","218164_at","A_23_P118633","218164_at","218164_at","218164_at",-0.207120029561487,0.0999459802750448,-0.063312249625476,0.00865015396030063,0.325443506712111,-1.13134111728278,1.0842370720027,-1.08103499460503,-1.06349375025772,-1.1305945074144,-1.13343580751387,1.21487323254794,-1.05999654391381,-1.05164633084769
"DNAJC7","ILMN_1663616","13743","A_23_P60591","202416_at","202416_at","A_23_P60591","202416_at","202416_at","202416_at",-0.21920384890175,0.129086410276725,-0.0561221372470483,0.00455288128291725,0.270055588889434,-1.06421880247087,-1.03501158232936,-1.04019254851211,1.01140392651515,-1.09463517447899,-1.10178123820347,1.04507191356228,-1.07732246581762,-1.05117454804073
"VAPA","ILMN_1770227","347","A_23_P207957","208780_x_at","208780_x_at","A_23_P382199","208780_x_at","208780_x_at","208780_x_at",-0.201647678810733,0.0983040536454172,-0.070494220400602,0.00880060172937704,0.325765067009311,-1.05527785766859,-1.04050916013068,-1.15042591700559,1.02870070724522,1.01922428862528,-1.02773664418534,1.00270820691232,-1.11447146780899,-1.0495890787791
"RNF123","ILMN_1663605","27426","A_23_P250054","221063_x_at","221063_x_at","A_23_P250054","221063_x_at","221063_x_at","221063_x_at",-0.200773124170854,0.106489032393006,-0.0646500881081176,0.00775229416218726,0.315360088988254,-1.00040130863924,1.01396117563075,-1.04873343858188,-1.10835422512921,-1.02160907407977,-1.05081919131879,-1.0596888868203,-1.08426539708941,-1.04945419612929
"POU1F1","ILMN_1706403","27923","A_24_P929909","207846_at","207846_at","A_23_P155539","207846_at","207846_at","207846_at",0.206456783910556,-0.0973444399673877,0.0692456218060072,0.00815878002218584,0.316087780713673,1.02520518135522,1.22087143690418,1.03394106807435,1.02660801824368,1.13140341706842,1.00524390691056,1.01065020814165,1.02242097489878,1.04878569658038
"TM9SF3","ILMN_1669931","5583","A_24_P309360","217758_s_at","217758_s_at","A_24_P309360","217758_s_at","217758_s_at","217758_s_at",0.213326444561437,-0.101303449128546,0.0728824669238843,0.00610408437428906,0.297995196324324,-1.02353438270047,-1.10867171811824,1.15878121460091,1.00253364795036,1.07320060600657,1.11168668404591,1.01052671031844,1.09177112267327,1.04808387661485
"TBXA2R","ILMN_1739178","6672","A_23_P355471","207555_s_at","211590_x_at","A_23_P355471","207555_s_at","211590_x_at","211590_x_at",-0.209188579625172,0.110761573085006,-0.0628958686113782,0.00864181165788215,0.325443506712111,-1.03218338478784,1.03397462702381,-1.02510764184762,-1.04995020338097,-1.12604107398586,-1.14327161713149,-1.05891017847604,-1.00366760015303,-1.047239396208
"NAT2","ILMN_1670903","23101","A_23_P31798","206797_at","206797_at","A_23_P31798","206797_at","206797_at","206797_at",-0.226754467065605,0.116801051332523,-0.0771247031680468,0.00323716205774336,0.24177553899025,-1.03176935395002,1.0540062228873,-1.27581839522148,-1.0778651686402,1.1199040240677,-1.03236382412547,-1.13401715976386,-1.03836605602457,-1.04678180837394
"PIGF","ILMN_1808938","179","A_23_P131653","205077_s_at","205077_s_at","A_23_P131653","205077_s_at","205077_s_at","205077_s_at",-0.212340282675034,0.104858541293569,-0.0668951990483338,0.006173763095943,0.298882766350652,-1.05776699267382,-1.08516074067495,1.14882233569024,-1.06881496484409,-1.04739381836523,-1.11253511779989,1.14206443367853,-1.14637749008131,-1.0464387604817
"TMEM53","ILMN_1688041","13068","A_23_P85853","219462_at","219462_at","A_23_P85853","219462_at","219462_at","219462_at",-0.239847894889428,0.127461051578683,-0.0743745922191827,0.00229717113077409,0.217668139337855,-1.04770892183888,1.01757674128966,1.02803576942448,-1.09164255641639,-1.06436142865652,-1.09681334928705,-1.01649434959743,-1.05573852013307,-1.04547120063968
"PPP2R5D","ILMN_1699384","13479","A_24_P294931","202513_s_at","202513_s_at","A_24_P294931","202513_s_at","202513_s_at","202513_s_at",-0.244471884763489,0.134905246337012,-0.0697302338982376,0.00153398505259196,0.208207220260444,-1.03708926096172,1.0161235553166,1.00238167207368,-1.06388736425764,1.00777041059404,-1.05825969254747,-1.00695888478964,-1.12485176906145,-1.04524441028545
"CUL9","ILMN_1806010","2230","A_32_P51714","213204_at","213204_at","A_23_P311740","213204_at","213204_at","213204_at",-0.210308571778162,0.123061507691448,-0.0642203273510903,0.005401854130441,0.285185700792848,-1.0759685270558,-1.01084797683106,-1.02230246001274,1.00749697114736,1.09156473627466,-1.14969980698198,1.13235665456001,-1.15843064254102,-1.04378253654237
"THOC1","ILMN_1802157","16038","A_23_P78372","204064_at","204064_at","A_23_P78372","204064_at","204064_at","204064_at",-0.21714525813694,0.121909425489332,-0.0709065267397879,0.00335795807114772,0.242953801543259,-1.08862632550153,1.20175297817902,1.09709030350652,-1.09251252750107,-1.17295252052166,-1.13150750427039,1.09143380373165,-1.09673828957592,-1.04341710386507
"OR1D2","ILMN_1757546","17792","A_23_P27239","221464_at","221464_at","A_23_P27239","221464_at","221464_at","221464_at",-0.234730225752078,0.110650102145494,-0.082691115409638,0.00218674423425475,0.217668139337855,-1.01160163108116,1.10097448576393,1.03729164470282,-1.02934034853328,-1.29356403413411,-1.00838326804814,-1.05223478839651,-1.05768169155743,-1.04075124848908
"ARFIP2","ILMN_1750690","3647","A_23_P139228","202109_at","202109_at","A_23_P139228","202109_at","202109_at","202109_at",-0.229083855906643,0.10580720110504,-0.07731152131014,0.00326822949121085,0.24177553899025,-1.00373409748686,1.13874120290155,-1.0196662153583,-1.10259304399738,-1.04806154949975,-1.05577133385471,1.0813279760126,-1.14270809938968,-1.03903270939666
"SNX19","ILMN_1658456","12360","A_23_P98345","202358_s_at","202358_s_at","A_23_P98345","202358_s_at","202358_s_at","202358_s_at",0.246052778828086,-0.11657219710972,0.0800283752188082,0.00172086619700584,0.215564985390767,1.11206937914957,-1.23464515681323,1.16692008471801,-1.04849184090805,1.07009508481909,1.10878998711072,-1.16836456477708,1.09880266762792,1.03616940942644
"COMMD4","ILMN_1778562","18060","A_24_P331904","206441_s_at","206441_s_at","A_24_P331904","206441_s_at","206441_s_at","206441_s_at",-0.224937258955942,0.129259858585962,-0.0544478064975219,0.00436954631858004,0.267454357018114,-1.00511630034371,1.04241318544937,1.05368886863993,-1.07684666892042,1.05050663016401,-1.06987044737537,1.14008933466922,-1.18074373772121,-1.02979865086391
"CRHR1","ILMN_1732426","25788","A_23_P414884","214619_at","214619_at","A_23_P414884","214619_at","214619_at","214619_at",-0.208078237698343,0.0991802605279011,-0.0694164263066911,0.00746540854590269,0.315360088988254,-1.0237439522902,1.01982577974458,1.01981931121574,1.05695361911253,-1.17925203022759,-1.01784417685433,1.01378443181027,-1.06672715110075,-1.02772785041122
"PPM1A","ILMN_1690077","23632","A_23_P151679","203966_s_at","203966_s_at","A_23_P151679","203966_s_at","203966_s_at","203966_s_at",0.209096798789365,-0.123388593999781,0.055506602894579,0.00723744200797835,0.313495514345589,-1.02783703850677,-1.06457132260642,1.1012385397035,1.00320484066265,1.20174903457234,1.03133162583948,-1.28378576988211,1.10780716068951,1.02767587886485
"HSF4","ILMN_1704101","29230","A_23_P3592","210977_s_at","210977_s_at","A_23_P3592","210977_s_at","210977_s_at","210977_s_at",-0.214706802054223,0.0992642204957096,-0.0729758831042516,0.00515281410835081,0.280381223879188,-1.09001221294615,1.2476270691841,-1.17646675164694,-1.0247832891088,-1.02189774170793,-1.02189104096327,1.10430466560928,-1.05977536661569,-1.02230110981546
"RPH3A","ILMN_1663356","9937","A_23_P76234","205230_at","205230_at","A_23_P76234","205230_at","205230_at","205230_at",-0.207161347997317,0.0962240249369761,-0.0628560922000084,0.00765340215911534,0.315360088988254,-1.00146513931023,1.03234654533301,-1.14295463539016,-1.04700908080246,1.15767914514717,-1.02938388937604,-1.06155304700017,-1.04466385196919,-1.02000103485363
